ID,Статус
64996,4.0
71837,4.0
86587,3.0
73673,3.0
54709,4.0
56072,3.0
77774,3.0
90707,3.0
76202,4.0
74726,4.0
85593,-1.0
68559,4.0
87888,4.0
87776,3.0
71695,3.0
74858,3.0
81454,3.0
52050,4.0
55383,4.0
80881,4.0
75272,3.0
70977,3.0
83986,4.0
77515,4.0
69855,4.0
82595,3.0
75650,4.0
86783,4.0
65316,4.0
54182,4.0
74820,4.0
74462,3.0
45349,4.0
78573,3.0
77799,4.0
69634,4.0
54453,3.0
49321,3.0
51873,4.0
58345,3.0
85113,-1.0
67325,4.0
73410,3.0
82136,-1.0
70754,4.0
67922,3.0
83687,4.0
67030,3.0
65086,3.0
82182,3.0
77077,4.0
88374,4.0
84428,3.0
77188,3.0
82117,4.0
47830,4.0
74598,-1.0
86564,3.0
92488,3.0
67573,4.0
65017,4.0
63530,3.0
49128,4.0
74592,4.0
82365,4.0
76524,4.0
49420,4.0
57499,3.0
45673,3.0
51456,4.0
78732,4.0
76151,3.0
70006,4.0
45847,4.0
67697,4.0
72759,4.0
55629,3.0
66724,4.0
66385,3.0
50060,4.0
71127,3.0
55303,4.0
73003,4.0
72172,4.0
78492,4.0
70797,4.0
74728,-1.0
66824,4.0
65866,4.0
65969,3.0
77893,-1.0
105274,3.0
49698,4.0
56829,4.0
52365,4.0
55505,3.0
54634,3.0
68798,3.0
81276,4.0
71587,4.0
55638,3.0
79669,4.0
75464,4.0
86953,4.0
65813,4.0
72270,4.0
83568,3.0
67538,4.0
73074,3.0
66750,3.0
55632,4.0
83020,3.0
73699,4.0
67968,4.0
66775,4.0
77357,4.0
71030,4.0
48931,4.0
49903,4.0
45594,4.0
55310,3.0
58837,4.0
48585,4.0
54200,4.0
57201,4.0
84893,3.0
67693,4.0
86547,4.0
55473,4.0
81818,4.0
67785,4.0
87236,3.0
83598,3.0
55337,4.0
73167,4.0
90072,-1.0
48290,4.0
89010,3.0
68728,4.0
71830,4.0
67660,4.0
78354,3.0
54819,3.0
88590,3.0
71481,4.0
49212,3.0
85697,3.0
88678,-1.0
57442,4.0
66481,4.0
44964,4.0
88108,4.0
58021,3.0
73013,-1.0
48604,4.0
74827,4.0
54950,3.0
81794,4.0
75800,4.0
80096,3.0
83918,3.0
68604,4.0
65385,4.0
73251,4.0
70295,4.0
72611,3.0
75017,4.0
65062,3.0
56295,4.0
59718,4.0
54994,4.0
86413,4.0
63511,4.0
91896,3.0
72810,4.0
55491,4.0
73499,4.0
82869,3.0
70730,3.0
67078,3.0
57716,4.0
79474,3.0
76937,4.0
86662,4.0
46811,4.0
83418,3.0
49158,3.0
67934,4.0
80392,4.0
71424,3.0
74414,4.0
76631,4.0
81650,4.0
70500,3.0
49463,4.0
72218,4.0
67512,4.0
75448,4.0
77997,4.0
81112,-1.0
84065,4.0
83146,4.0
78325,4.0
48871,4.0
87997,4.0
47888,4.0
86862,4.0
86741,4.0
67493,4.0
81402,4.0
76103,4.0
80094,4.0
69624,3.0
85094,-1.0
56728,3.0
88310,3.0
67369,4.0
87836,3.0
68355,3.0
49954,4.0
81754,3.0
70104,4.0
91189,-1.0
52139,3.0
86779,3.0
55639,4.0
56812,3.0
70758,3.0
72712,4.0
67533,4.0
76017,4.0
83150,4.0
71717,4.0
86570,3.0
55643,3.0
72023,4.0
70297,4.0
71798,4.0
55170,4.0
78498,4.0
82296,4.0
49323,3.0
65625,3.0
75351,4.0
66023,4.0
82326,3.0
77807,4.0
54538,4.0
92835,-1.0
78565,3.0
56880,3.0
82425,3.0
66513,3.0
52907,4.0
70825,4.0
72299,4.0
77135,4.0
75161,4.0
66694,4.0
73502,4.0
84402,3.0
67036,3.0
46050,4.0
52159,4.0
78062,3.0
81387,3.0
85583,-1.0
51253,3.0
49172,3.0
47967,4.0
54102,3.0
54066,4.0
76115,4.0
69762,4.0
65003,4.0
87837,4.0
55398,3.0
74513,4.0
74956,4.0
78758,4.0
84200,4.0
74768,3.0
58787,4.0
65048,4.0
75801,4.0
86332,4.0
70514,3.0
71716,4.0
53999,3.0
49236,3.0
68458,3.0
56639,3.0
66328,4.0
85731,3.0
77833,3.0
74559,3.0
78025,4.0
76871,4.0
83596,3.0
92181,3.0
63447,3.0
81534,3.0
67459,3.0
86770,3.0
85723,3.0
67207,4.0
70826,4.0
67654,4.0
82131,3.0
49967,3.0
72512,4.0
65182,4.0
71326,4.0
49298,3.0
47879,4.0
67784,4.0
90901,-1.0
67722,3.0
70225,4.0
69619,4.0
72641,4.0
51900,4.0
74707,4.0
54304,3.0
84763,-1.0
69957,4.0
76845,4.0
86589,3.0
49955,4.0
89717,-1.0
52920,3.0
74635,4.0
71313,3.0
70757,4.0
89691,3.0
89723,3.0
81445,4.0
76750,4.0
84814,3.0
86147,4.0
71632,4.0
81960,4.0
75765,4.0
74418,4.0
65829,4.0
78536,4.0
70187,4.0
77171,4.0
47818,4.0
65099,4.0
72199,4.0
74312,4.0
65407,3.0
49759,4.0
81105,-1.0
73133,4.0
59730,3.0
86956,3.0
85028,3.0
89176,3.0
70674,4.0
66350,4.0
77214,3.0
81779,4.0
88017,4.0
78827,4.0
67224,4.0
56640,3.0
56957,4.0
67907,4.0
87686,-1.0
70369,4.0
86718,3.0
71181,4.0
76418,4.0
46109,4.0
50139,4.0
66327,4.0
88535,3.0
66980,4.0
71743,4.0
65057,4.0
57360,4.0
73766,3.0
88427,-1.0
55961,4.0
87060,3.0
50614,3.0
48432,4.0
66530,4.0
65115,4.0
74734,4.0
81367,4.0
49859,4.0
69879,4.0
67262,3.0
47355,4.0
73658,4.0
52147,4.0
86798,4.0
70126,4.0
71757,4.0
50845,4.0
87675,-1.0
81664,4.0
77199,3.0
70284,4.0
72228,4.0
49775,4.0
101751,-1.0
86388,4.0
88634,-1.0
56195,4.0
82837,3.0
75287,4.0
70323,4.0
68757,3.0
67170,4.0
66740,4.0
84083,4.0
67067,4.0
68665,4.0
54864,4.0
67112,3.0
107228,-1.0
46675,3.0
81332,4.0
70775,4.0
70509,4.0
73108,4.0
55388,4.0
85738,3.0
54402,4.0
88303,4.0
73028,3.0
86986,4.0
66353,4.0
83655,3.0
72589,4.0
66939,4.0
47974,4.0
84187,-1.0
78508,3.0
74918,4.0
71444,4.0
67612,4.0
67855,3.0
85704,4.0
70780,4.0
81741,4.0
67161,4.0
47038,3.0
90319,-1.0
65315,3.0
57160,3.0
76290,3.0
65529,4.0
78504,3.0
92359,3.0
67955,4.0
65170,3.0
67729,4.0
48159,4.0
79612,3.0
73481,4.0
76425,4.0
55676,3.0
90970,-1.0
76285,3.0
82418,4.0
66070,4.0
67393,3.0
88107,4.0
78617,4.0
90588,3.0
74776,3.0
49505,4.0
72597,4.0
58385,4.0
65777,3.0
49811,4.0
58307,4.0
75676,4.0
71523,4.0
74823,4.0
70455,4.0
90292,-1.0
77786,3.0
78883,3.0
67053,3.0
79421,3.0
77528,4.0
48390,4.0
106682,-1.0
71982,4.0
91191,3.0
83934,4.0
72858,4.0
54316,4.0
56893,4.0
65138,4.0
69958,4.0
71762,4.0
84661,3.0
83200,3.0
71294,4.0
83960,-1.0
90759,3.0
88183,4.0
82429,4.0
52370,4.0
83696,3.0
76072,4.0
77858,4.0
57323,4.0
58812,4.0
83591,3.0
70107,4.0
54806,3.0
77669,3.0
46911,3.0
65930,4.0
71769,4.0
75215,4.0
83818,4.0
75493,4.0
92518,-1.0
48854,4.0
81162,3.0
48832,3.0
45338,4.0
71959,4.0
67218,3.0
74446,4.0
85130,-1.0
70025,4.0
48422,4.0
92670,-1.0
57444,4.0
50851,4.0
113374,-1.0
65563,3.0
86794,4.0
76193,4.0
66227,4.0
93258,-1.0
83767,4.0
75973,3.0
77091,4.0
51802,4.0
47044,3.0
77179,4.0
66158,3.0
81062,3.0
86572,4.0
66721,4.0
66175,4.0
72746,4.0
70243,4.0
82795,3.0
51658,4.0
83339,-1.0
54317,4.0
65990,4.0
74713,4.0
77291,4.0
49807,4.0
49443,3.0
86356,3.0
76484,4.0
71504,4.0
90465,-1.0
75077,4.0
90011,3.0
74386,4.0
54190,4.0
70413,4.0
87030,4.0
48408,4.0
52027,4.0
77826,4.0
67066,4.0
69839,3.0
50072,4.0
67254,4.0
50350,4.0
66140,4.0
74539,4.0
82323,3.0
88022,3.0
71207,3.0
49799,4.0
82352,3.0
50285,4.0
71449,4.0
49527,4.0
78398,4.0
67011,4.0
71279,4.0
74761,4.0
75419,4.0
81246,4.0
65386,3.0
81371,3.0
87933,3.0
66745,4.0
58828,3.0
55665,4.0
64921,3.0
81825,-1.0
65806,4.0
86529,4.0
52320,3.0
55115,4.0
76707,3.0
44819,4.0
77044,3.0
58802,4.0
45841,4.0
84951,3.0
83790,4.0
58894,4.0
48529,4.0
55154,4.0
48835,4.0
54466,4.0
92603,3.0
81123,4.0
65419,4.0
83685,4.0
69010,3.0
68239,4.0
55460,4.0
70900,4.0
83245,4.0
88299,3.0
78264,4.0
87202,3.0
86100,4.0
72239,4.0
66987,4.0
66432,4.0
70548,4.0
49494,4.0
72291,4.0
66872,4.0
74733,4.0
65809,4.0
70385,4.0
57328,4.0
75720,4.0
48799,4.0
70543,3.0
83525,4.0
75485,4.0
86988,4.0
75704,4.0
82689,-1.0
75105,3.0
75304,4.0
69955,4.0
75936,3.0
82448,4.0
86646,4.0
52378,4.0
68335,4.0
49395,3.0
86781,3.0
49224,3.0
67840,4.0
68867,4.0
85865,3.0
72625,4.0
55490,4.0
71170,3.0
69837,4.0
49464,4.0
70486,3.0
72784,4.0
69712,3.0
71977,4.0
69849,3.0
55633,4.0
72707,4.0
57168,4.0
90445,3.0
56886,3.0
73760,3.0
51489,4.0
71662,-1.0
91991,3.0
56767,4.0
68423,3.0
81533,4.0
70718,4.0
66072,3.0
83917,3.0
78610,4.0
92529,3.0
76224,4.0
68128,4.0
84453,3.0
74899,4.0
55630,4.0
68411,4.0
67049,4.0
67041,3.0
57704,4.0
48857,4.0
44948,4.0
66528,4.0
65438,4.0
71399,4.0
81823,-1.0
71876,3.0
55463,4.0
73252,4.0
80772,3.0
75237,4.0
54874,4.0
55617,4.0
77017,4.0
76872,3.0
77791,4.0
72372,4.0
49971,4.0
45484,3.0
78361,4.0
81667,3.0
72176,4.0
90605,3.0
71248,3.0
78476,4.0
70410,3.0
76435,4.0
57251,4.0
49209,4.0
91011,3.0
71636,4.0
45880,4.0
92180,-1.0
71340,4.0
85115,3.0
67423,4.0
75025,4.0
51023,4.0
49287,3.0
67388,4.0
52170,3.0
78549,3.0
71782,4.0
68565,4.0
88672,3.0
90704,-1.0
57802,4.0
56842,4.0
87496,-1.0
71825,-1.0
70171,3.0
47872,4.0
70777,4.0
82339,4.0
72844,4.0
83647,4.0
49297,3.0
71395,4.0
51187,4.0
87241,4.0
70695,4.0
49743,3.0
87119,4.0
59722,4.0
49712,4.0
51062,3.0
81410,3.0
88674,4.0
70077,4.0
76250,3.0
83248,4.0
59695,4.0
88705,3.0
74428,4.0
88091,4.0
75029,4.0
66299,3.0
66805,4.0
67643,4.0
77750,4.0
59013,4.0
48160,3.0
68144,4.0
45254,4.0
66526,4.0
54187,4.0
69759,4.0
74330,3.0
66823,4.0
59723,4.0
74487,3.0
67630,4.0
54131,4.0
83266,4.0
45592,4.0
67732,4.0
86712,3.0
79829,3.0
51738,4.0
72637,3.0
84412,4.0
55418,4.0
83419,3.0
83551,-1.0
57941,3.0
51729,4.0
70308,4.0
56832,3.0
72842,4.0
45774,4.0
75286,4.0
82826,3.0
67997,3.0
85896,-1.0
45112,4.0
57170,3.0
72420,4.0
49434,4.0
81524,3.0
79360,3.0
67611,4.0
72750,3.0
46072,3.0
75353,4.0
66129,4.0
56771,4.0
77024,3.0
70913,3.0
77803,4.0
84070,4.0
81207,4.0
49156,4.0
88253,4.0
56007,4.0
76615,4.0
106991,-1.0
58850,4.0
65896,4.0
74291,4.0
55159,4.0
68160,4.0
86745,3.0
73705,4.0
76264,4.0
79822,3.0
88490,3.0
75344,-1.0
75569,3.0
70277,4.0
72094,4.0
78567,3.0
67648,4.0
67240,3.0
87309,4.0
65283,3.0
70654,4.0
87864,4.0
65423,4.0
71697,4.0
50113,4.0
67225,4.0
68865,3.0
56862,4.0
76563,4.0
70859,4.0
49729,3.0
90785,-1.0
84464,4.0
92689,-1.0
72153,4.0
74868,4.0
102122,-1.0
56197,4.0
76617,4.0
67839,4.0
81448,4.0
74285,3.0
88514,3.0
81792,4.0
69582,3.0
82209,-1.0
51141,4.0
72283,4.0
46046,4.0
85066,3.0
49303,3.0
75349,3.0
72154,4.0
75805,4.0
72559,4.0
48445,4.0
71330,3.0
72998,3.0
72809,4.0
74911,4.0
72236,4.0
82325,4.0
72593,4.0
44844,4.0
82155,3.0
76655,4.0
75240,3.0
50885,4.0
83686,4.0
80176,4.0
75184,4.0
78515,4.0
71681,4.0
71962,4.0
87249,4.0
76260,4.0
86367,4.0
71541,4.0
76152,3.0
71700,3.0
76820,4.0
81855,3.0
63525,3.0
82512,4.0
45817,4.0
53205,3.0
57509,3.0
70709,4.0
49789,3.0
49473,3.0
89640,3.0
78635,4.0
66421,4.0
57393,3.0
67870,4.0
65215,4.0
74682,3.0
85721,3.0
68735,4.0
66633,4.0
72401,4.0
83970,4.0
81804,4.0
75483,4.0
72461,3.0
88824,3.0
77509,4.0
88138,4.0
74722,4.0
78435,3.0
76334,4.0
77827,4.0
47611,4.0
65785,4.0
76728,3.0
71353,4.0
65227,3.0
75535,4.0
84442,3.0
48602,4.0
70204,3.0
75369,4.0
50071,4.0
71928,4.0
71561,4.0
84846,3.0
76231,4.0
49551,4.0
86516,3.0
76958,4.0
71888,4.0
72620,4.0
81272,3.0
49509,3.0
76313,4.0
79951,4.0
72537,4.0
90755,3.0
80173,3.0
76511,4.0
51479,4.0
70653,3.0
83703,4.0
56682,3.0
84261,4.0
75302,3.0
69408,3.0
45401,4.0
87962,3.0
65267,3.0
75069,4.0
72167,4.0
72718,4.0
55448,4.0
73449,3.0
77089,4.0
51500,4.0
77527,4.0
72521,4.0
55431,4.0
71910,4.0
48426,4.0
83756,4.0
49769,4.0
68422,4.0
66954,4.0
75745,3.0
90066,-1.0
70031,3.0
71492,4.0
76445,3.0
56607,4.0
73045,4.0
71535,4.0
64961,3.0
70571,4.0
57372,4.0
55929,3.0
51775,4.0
87711,3.0
74923,4.0
83136,4.0
73242,4.0
57556,4.0
51477,4.0
65197,4.0
66478,4.0
70177,3.0
68217,4.0
77463,4.0
65575,4.0
79197,4.0
66145,4.0
86134,4.0
50005,4.0
76361,3.0
65957,3.0
106152,-1.0
82779,3.0
51190,4.0
55378,3.0
70763,4.0
55640,3.0
85861,3.0
86475,-1.0
74533,4.0
76496,4.0
65512,4.0
81530,4.0
45751,4.0
83666,3.0
81563,3.0
49218,3.0
52161,4.0
72580,4.0
54302,4.0
67689,3.0
45333,4.0
56732,4.0
90696,-1.0
71304,4.0
74429,4.0
58377,4.0
75609,4.0
74523,3.0
57386,3.0
84000,4.0
68120,4.0
44846,4.0
54153,4.0
53087,3.0
70360,3.0
72421,4.0
65549,4.0
44953,3.0
59123,4.0
56745,3.0
67083,3.0
86568,4.0
67767,4.0
49269,4.0
68826,4.0
49457,4.0
77051,4.0
56953,3.0
49495,4.0
71660,4.0
75732,4.0
71465,3.0
72013,4.0
65421,4.0
65255,4.0
75771,4.0
65960,3.0
90278,3.0
57494,3.0
88166,4.0
87163,-1.0
76539,4.0
76862,4.0
66684,3.0
90658,-1.0
82626,-1.0
70426,3.0
67354,4.0
71934,3.0
74851,4.0
70679,4.0
57443,4.0
68299,4.0
76035,4.0
91510,-1.0
81352,4.0
48808,4.0
76086,3.0
50941,3.0
45619,4.0
67921,4.0
75171,3.0
67651,4.0
86171,4.0
59553,4.0
67535,3.0
46053,4.0
72686,4.0
82168,4.0
49737,4.0
74769,4.0
83449,4.0
54890,4.0
74329,3.0
67996,3.0
76341,4.0
101902,3.0
77359,4.0
86302,-1.0
47349,4.0
45332,3.0
71751,4.0
77432,4.0
66971,4.0
59002,3.0
68392,4.0
73144,3.0
78662,4.0
83536,4.0
82241,4.0
78749,4.0
73005,4.0
63552,4.0
56983,4.0
67490,4.0
49127,3.0
71667,4.0
85713,4.0
76548,4.0
71154,3.0
75144,4.0
75667,4.0
78410,4.0
75235,4.0
50661,3.0
87886,4.0
65815,4.0
48516,4.0
77732,3.0
67466,3.0
74384,3.0
49578,4.0
45358,4.0
56960,4.0
82707,-1.0
65117,4.0
51151,4.0
75095,3.0
75126,4.0
72116,4.0
65441,4.0
50037,4.0
48842,4.0
71536,4.0
73640,4.0
74894,4.0
64943,3.0
66758,4.0
69728,4.0
49541,4.0
83391,-1.0
83843,4.0
84033,4.0
75949,4.0
53927,3.0
103967,-1.0
71870,4.0
88095,4.0
75390,3.0
75488,4.0
71061,3.0
68057,4.0
53831,3.0
77635,-1.0
86404,-1.0
49488,3.0
73107,4.0
74431,3.0
75137,4.0
83091,3.0
76148,3.0
47887,4.0
65415,4.0
73180,4.0
76507,4.0
88176,3.0
68822,3.0
77836,4.0
87196,3.0
87132,3.0
66431,4.0
75828,4.0
67308,3.0
70102,4.0
86634,3.0
56901,4.0
49205,4.0
84779,3.0
66407,3.0
51206,4.0
77695,4.0
89732,3.0
81163,3.0
66209,4.0
80933,3.0
76979,4.0
51502,3.0
87773,3.0
87834,4.0
66533,4.0
74804,-1.0
69053,4.0
66281,4.0
74846,4.0
73188,4.0
71823,3.0
75367,4.0
49797,3.0
77760,4.0
49616,4.0
71559,4.0
70708,4.0
76299,3.0
66982,3.0
57817,4.0
65584,4.0
65258,4.0
74270,4.0
71334,4.0
55479,4.0
67046,4.0
71062,3.0
73763,4.0
50913,3.0
75536,4.0
66839,3.0
104094,3.0
68662,4.0
52918,4.0
67102,3.0
50303,4.0
86240,-1.0
83662,4.0
48532,4.0
91728,3.0
45402,4.0
67685,4.0
87271,3.0
67858,4.0
84841,3.0
82104,4.0
77945,4.0
72026,4.0
78695,3.0
66547,4.0
67594,4.0
88185,4.0
67398,4.0
66649,4.0
75000,4.0
83908,3.0
65555,4.0
67264,3.0
81691,-1.0
87446,3.0
76640,4.0
70874,4.0
67282,3.0
75550,3.0
81457,3.0
83563,-1.0
51451,4.0
82433,4.0
82499,3.0
70751,4.0
68692,4.0
55950,4.0
56303,4.0
77249,4.0
55470,4.0
56029,3.0
78753,4.0
50151,4.0
77870,3.0
83310,4.0
67386,4.0
68820,3.0
57552,3.0
49787,3.0
78754,4.0
92451,3.0
67951,4.0
52144,4.0
45279,3.0
56977,4.0
73136,3.0
45710,3.0
88581,3.0
70787,4.0
56948,3.0
82472,4.0
67570,4.0
76977,4.0
86647,-1.0
72161,4.0
67150,3.0
69086,3.0
66215,4.0
71108,4.0
50847,4.0
74378,4.0
82455,3.0
83797,4.0
45913,4.0
76074,3.0
79194,4.0
57438,4.0
74336,4.0
66468,4.0
89235,-1.0
50273,4.0
71679,4.0
89733,3.0
52115,3.0
66124,4.0
49680,4.0
69659,4.0
87131,4.0
76738,4.0
72869,3.0
81567,4.0
67527,4.0
86618,3.0
72109,4.0
77478,4.0
74953,4.0
70155,4.0
89799,-1.0
59527,4.0
82994,3.0
66796,3.0
63527,4.0
45322,4.0
68987,3.0
92439,-1.0
49542,4.0
56023,4.0
72969,4.0
68122,3.0
84308,3.0
81245,3.0
77518,4.0
70670,4.0
81690,-1.0
81532,-1.0
71459,4.0
49189,3.0
66593,4.0
65399,3.0
84719,3.0
76839,4.0
74392,4.0
58118,3.0
65165,4.0
82788,-1.0
84046,4.0
59683,4.0
92245,-1.0
72633,4.0
76515,4.0
70610,4.0
67888,3.0
72196,4.0
45262,3.0
66563,4.0
66002,4.0
74806,4.0
92973,-1.0
86162,-1.0
75308,4.0
46944,4.0
82675,4.0
50359,4.0
72900,4.0
81412,4.0
88903,3.0
81375,4.0
83532,4.0
69919,4.0
92936,3.0
83716,3.0
82171,4.0
71049,4.0
77712,4.0
73099,3.0
79663,3.0
58288,3.0
77546,4.0
71744,4.0
86888,-1.0
71641,3.0
75820,4.0
76189,4.0
46671,3.0
49258,3.0
49657,4.0
72980,4.0
66622,4.0
90482,3.0
70703,3.0
66062,4.0
79755,3.0
71390,4.0
65974,3.0
70478,4.0
69888,3.0
76008,4.0
74609,4.0
51720,4.0
65922,4.0
72626,4.0
66896,4.0
51824,4.0
69701,4.0
46983,3.0
69820,3.0
84239,4.0
76085,4.0
73070,3.0
56967,3.0
49618,4.0
77015,4.0
82621,4.0
68199,4.0
90372,-1.0
66243,3.0
74355,4.0
80591,3.0
65166,4.0
83915,3.0
74743,4.0
49259,3.0
55428,4.0
51203,4.0
72678,4.0
84188,4.0
86118,4.0
76899,4.0
49378,4.0
70821,4.0
50801,3.0
72068,4.0
55369,4.0
84448,3.0
67070,3.0
72079,4.0
52267,3.0
49670,4.0
71203,3.0
82680,4.0
71605,4.0
76635,4.0
78320,4.0
76965,4.0
51332,4.0
89370,-1.0
77862,3.0
76565,3.0
70372,3.0
78467,3.0
66520,4.0
68444,4.0
71461,4.0
81267,3.0
67664,4.0
71571,3.0
66505,-1.0
86837,-1.0
80888,4.0
70830,-1.0
58258,4.0
91034,3.0
85413,3.0
88328,4.0
69821,4.0
44790,4.0
81176,-1.0
81718,3.0
56765,4.0
57929,3.0
75276,3.0
49937,3.0
51891,4.0
45820,4.0
71385,4.0
70732,3.0
66035,4.0
72569,4.0
55173,4.0
89865,-1.0
75627,4.0
88196,4.0
78886,3.0
77944,4.0
70805,4.0
49788,3.0
44789,4.0
71935,4.0
92185,3.0
59019,4.0
74762,4.0
73011,3.0
54178,4.0
48171,3.0
75633,4.0
56966,4.0
54054,4.0
77062,4.0
68404,4.0
77552,4.0
72990,4.0
81365,3.0
90020,3.0
70495,3.0
76545,4.0
86925,3.0
77107,4.0
50348,4.0
65798,3.0
71715,4.0
44915,4.0
87407,3.0
67331,3.0
89950,3.0
75383,3.0
75933,4.0
90457,3.0
67301,3.0
80818,3.0
65835,3.0
49485,3.0
74457,4.0
68227,3.0
77046,4.0
88394,4.0
85696,4.0
50291,3.0
52029,4.0
49540,4.0
72150,4.0
72080,4.0
49911,4.0
70021,4.0
81560,3.0
58063,4.0
55123,4.0
86829,4.0
65577,3.0
68732,4.0
77143,3.0
65964,3.0
90480,-1.0
84085,4.0
65248,4.0
68659,3.0
69007,4.0
72778,3.0
65999,4.0
82654,-1.0
69569,3.0
66027,4.0
67179,4.0
88349,3.0
58855,4.0
68887,4.0
82348,3.0
76986,4.0
77920,4.0
84885,3.0
92040,3.0
56093,3.0
76140,4.0
70466,4.0
66251,4.0
51045,3.0
74900,4.0
70168,3.0
81781,4.0
63529,4.0
71592,4.0
86612,3.0
73101,3.0
47425,4.0
68511,4.0
81809,4.0
73303,3.0
50422,4.0
51359,4.0
47435,4.0
87023,4.0
57253,4.0
53046,3.0
75469,4.0
54192,4.0
89721,3.0
73436,4.0
55341,4.0
81119,3.0
72025,4.0
77620,4.0
70878,4.0
72166,4.0
81681,3.0
76354,4.0
82916,3.0
71949,4.0
68650,4.0
88892,3.0
71801,4.0
47443,3.0
65260,4.0
66377,4.0
86102,4.0
68279,4.0
84069,4.0
67604,3.0
77139,4.0
78265,4.0
86775,-1.0
69719,3.0
71148,4.0
79835,4.0
57370,4.0
75358,4.0
55420,3.0
81395,4.0
52397,4.0
90043,-1.0
70651,4.0
75328,3.0
81420,4.0
55287,4.0
75185,4.0
82504,4.0
81815,3.0
56905,4.0
88046,3.0
49731,4.0
65825,4.0
51725,4.0
71139,4.0
66738,3.0
76093,4.0
75423,4.0
78104,4.0
81605,3.0
66383,4.0
66420,4.0
66085,4.0
51731,3.0
63545,4.0
67074,4.0
48180,4.0
71753,4.0
66239,4.0
82341,4.0
65633,4.0
66111,4.0
72418,3.0
77811,4.0
88298,4.0
77141,4.0
86803,4.0
77983,4.0
65651,3.0
82664,4.0
88485,3.0
81443,3.0
66506,4.0
69875,4.0
91383,-1.0
56922,3.0
67313,3.0
56839,4.0
46209,3.0
72519,4.0
81032,3.0
63316,3.0
74405,4.0
56304,4.0
71426,3.0
48161,3.0
50843,4.0
85638,4.0
66125,4.0
72662,4.0
47763,3.0
55315,4.0
75408,4.0
67029,3.0
51460,4.0
45461,4.0
72603,3.0
58830,4.0
56001,4.0
66290,4.0
79594,4.0
71549,4.0
83745,3.0
52089,3.0
55396,4.0
51165,4.0
70116,4.0
71431,4.0
51329,4.0
86555,3.0
49931,4.0
81409,3.0
83560,4.0
74938,4.0
72531,4.0
65406,3.0
76992,4.0
54285,3.0
75688,3.0
55641,4.0
73164,4.0
47647,4.0
77166,4.0
76505,4.0
51192,4.0
52885,4.0
66036,4.0
86512,3.0
56823,3.0
70157,3.0
93076,3.0
67484,4.0
48398,4.0
69708,4.0
83846,4.0
49481,3.0
81531,3.0
58561,4.0
45729,3.0
71675,4.0
76948,4.0
65496,4.0
87074,3.0
71836,3.0
69765,4.0
71501,3.0
86619,3.0
51462,4.0
59721,4.0
71813,4.0
71602,3.0
70601,3.0
69887,3.0
47388,3.0
44602,3.0
173750,-1.0
57841,3.0
80810,3.0
83465,3.0
66702,3.0
59810,4.0
45583,4.0
78873,4.0
70694,4.0
73464,3.0
81326,3.0
85019,-1.0
65857,3.0
87835,4.0
76081,4.0
70658,4.0
77229,3.0
70386,4.0
64447,4.0
71729,4.0
57383,4.0
58026,3.0
57177,4.0
71666,4.0
51145,4.0
75816,4.0
86351,4.0
81888,-1.0
83836,4.0
72538,3.0
49116,4.0
59561,4.0
88155,3.0
83185,3.0
52140,4.0
86411,4.0
65959,3.0
76019,4.0
75470,4.0
71382,4.0
50311,4.0
65456,3.0
70844,4.0
88390,4.0
56592,4.0
68647,4.0
81161,3.0
67868,3.0
47825,4.0
58815,4.0
85118,3.0
71746,4.0
84279,4.0
70710,4.0
57167,3.0
70420,4.0
53229,3.0
80945,3.0
77263,3.0
68152,4.0
55654,4.0
81069,3.0
66039,4.0
67413,4.0
82816,3.0
50064,4.0
86379,3.0
74197,3.0
84107,4.0
72327,4.0
48395,4.0
47353,4.0
84063,4.0
52400,3.0
88186,3.0
83112,4.0
68327,4.0
72472,3.0
66348,4.0
65971,3.0
55058,4.0
75315,4.0
70942,4.0
48302,4.0
66842,3.0
70788,4.0
74599,4.0
69834,4.0
70782,4.0
66698,4.0
47015,4.0
82284,4.0
56762,4.0
68074,4.0
70428,4.0
81967,3.0
75764,4.0
58368,3.0
72908,4.0
89405,-1.0
57159,3.0
75045,4.0
86128,4.0
79416,3.0
92350,-1.0
76173,4.0
50027,4.0
82487,3.0
71086,4.0
55971,3.0
82084,-1.0
56637,4.0
80914,3.0
49985,3.0
66399,4.0
75164,4.0
88129,4.0
75628,4.0
72264,4.0
45252,4.0
72667,4.0
54847,4.0
79350,3.0
80556,-1.0
85444,3.0
87775,-1.0
74167,4.0
58593,3.0
65398,4.0
82960,3.0
51466,4.0
69999,3.0
59705,4.0
54418,3.0
49884,4.0
71252,3.0
73134,4.0
81413,4.0
65461,4.0
81554,3.0
74357,4.0
74959,3.0
55090,4.0
70760,4.0
70366,4.0
55311,4.0
49702,4.0
55387,4.0
74805,4.0
82580,-1.0
83256,3.0
63327,3.0
77815,4.0
51333,4.0
72983,3.0
75341,4.0
67300,4.0
75334,3.0
51806,3.0
81368,4.0
104527,-1.0
64911,4.0
44990,4.0
89849,3.0
70220,4.0
56747,4.0
75406,4.0
68850,3.0
70377,4.0
81322,3.0
49753,4.0
83802,4.0
87059,4.0
47401,4.0
47399,4.0
72152,4.0
44822,3.0
73254,3.0
67068,3.0
86141,3.0
65096,3.0
78303,4.0
68706,3.0
56879,3.0
72433,4.0
77031,4.0
75578,4.0
106456,-1.0
52160,4.0
71493,4.0
49901,4.0
74271,4.0
84309,4.0
86540,4.0
70667,4.0
56814,3.0
89634,3.0
75930,4.0
65414,3.0
72340,3.0
68778,3.0
81833,4.0
82663,3.0
50001,4.0
86310,-1.0
68396,4.0
85939,-1.0
82422,4.0
71455,4.0
54044,4.0
77622,4.0
67783,4.0
65471,4.0
67626,4.0
74376,4.0
76196,4.0
81290,4.0
51159,4.0
82331,3.0
69616,4.0
53108,3.0
76913,4.0
80851,3.0
71168,4.0
50867,4.0
66603,4.0
83742,4.0
65286,4.0
84240,4.0
70049,4.0
49847,4.0
72164,4.0
84872,3.0
72814,4.0
77727,4.0
63426,4.0
72032,4.0
55436,4.0
77081,4.0
71291,4.0
71234,4.0
80699,3.0
52172,3.0
49141,4.0
47709,3.0
50143,4.0
68291,3.0
89391,-1.0
71644,3.0
71917,4.0
83747,4.0
67075,4.0
65578,4.0
87941,3.0
71897,4.0
77612,4.0
85145,3.0
74425,4.0
68414,4.0
85658,3.0
44923,4.0
72399,4.0
83151,4.0
72681,4.0
55509,4.0
54794,3.0
84229,3.0
84044,4.0
70324,4.0
47606,4.0
70017,4.0
59709,4.0
67945,3.0
55065,4.0
66211,3.0
56593,4.0
76957,4.0
88821,3.0
75112,4.0
77871,4.0
48347,4.0
69047,4.0
68573,4.0
56904,3.0
72744,3.0
66670,4.0
45593,4.0
81427,4.0
84127,3.0
56019,4.0
73038,3.0
86344,-1.0
87021,4.0
59697,4.0
51669,4.0
76940,4.0
78396,4.0
82384,4.0
72989,4.0
49184,4.0
75104,4.0
67160,4.0
90627,3.0
75717,4.0
88810,3.0
69597,3.0
85666,3.0
78698,4.0
68321,4.0
55035,3.0
73415,4.0
67750,4.0
89940,3.0
68219,4.0
87974,3.0
72618,4.0
45864,3.0
74927,4.0
63559,3.0
71638,3.0
65028,4.0
48979,4.0
70570,4.0
65306,4.0
48579,4.0
68880,3.0
70183,3.0
67477,4.0
68897,4.0
71135,4.0
49905,4.0
84392,3.0
80689,-1.0
65619,3.0
71803,4.0
76034,-1.0
83115,4.0
56845,3.0
45632,4.0
73217,3.0
66325,4.0
59710,4.0
65317,4.0
69832,4.0
58491,4.0
75246,4.0
65007,4.0
57174,4.0
57787,4.0
55595,4.0
45596,4.0
66907,4.0
67139,4.0
47093,4.0
81051,3.0
48556,4.0
55621,3.0
89410,-1.0
70881,4.0
90706,-1.0
49643,4.0
67358,4.0
71573,4.0
79879,3.0
82639,4.0
81832,4.0
68981,4.0
76584,3.0
75672,4.0
92990,3.0
76453,3.0
68356,4.0
77560,3.0
67589,4.0
76522,4.0
88167,4.0
74298,4.0
87718,3.0
50320,4.0
55987,3.0
58562,3.0
59636,3.0
74984,3.0
77399,4.0
73139,3.0
49765,4.0
51158,3.0
73135,4.0
49615,4.0
78267,4.0
46894,4.0
84150,4.0
56818,3.0
65106,3.0
57135,4.0
65979,4.0
81279,4.0
81432,3.0
81678,-1.0
72050,4.0
69816,3.0
91584,-1.0
88184,4.0
51503,4.0
48846,4.0
59673,4.0
49633,3.0
67986,4.0
56974,4.0
70691,4.0
65348,4.0
77113,3.0
49274,3.0
72487,4.0
78867,4.0
84424,3.0
71947,4.0
85627,4.0
66102,4.0
66540,4.0
48298,4.0
91165,3.0
65435,4.0
55344,4.0
73463,3.0
57329,4.0
56875,4.0
88733,3.0
81738,3.0
106104,-1.0
67914,4.0
75355,4.0
51148,4.0
55587,4.0
77897,-1.0
71384,3.0
80217,4.0
67578,4.0
56635,3.0
84394,4.0
67961,4.0
66183,4.0
57145,3.0
55132,4.0
72144,4.0
68739,4.0
83447,-1.0
68240,4.0
83762,4.0
49644,3.0
49249,3.0
87827,4.0
82438,4.0
51494,4.0
67430,3.0
81341,3.0
56919,3.0
67688,4.0
84264,4.0
48809,4.0
69876,3.0
65802,3.0
48362,4.0
49462,4.0
81361,3.0
58859,4.0
76031,3.0
81793,4.0
68440,3.0
77005,4.0
55461,3.0
66866,4.0
87256,4.0
69679,3.0
68997,4.0
49779,4.0
58316,3.0
56969,4.0
50148,4.0
56597,3.0
70205,3.0
75058,4.0
72492,4.0
50076,3.0
75270,3.0
49599,4.0
72670,4.0
70866,4.0
84396,3.0
88135,4.0
85909,3.0
65567,4.0
88007,4.0
55922,4.0
69512,4.0
67335,4.0
88580,3.0
54237,3.0
51081,3.0
86220,3.0
44982,4.0
69015,4.0
75175,4.0
75279,3.0
65492,4.0
52030,4.0
72478,4.0
74573,3.0
74922,4.0
69864,4.0
52083,4.0
67392,4.0
76330,4.0
70242,4.0
45373,4.0
75784,3.0
55357,4.0
75841,3.0
77334,4.0
52306,4.0
74356,4.0
70084,4.0
67348,3.0
64990,4.0
81869,3.0
76380,3.0
55513,4.0
83127,4.0
75020,4.0
63317,3.0
66949,4.0
67739,3.0
65598,4.0
81143,-1.0
56022,4.0
83758,4.0
70512,4.0
118375,-1.0
58017,3.0
68958,3.0
82439,4.0
55347,4.0
65838,4.0
80701,3.0
66647,4.0
83582,3.0
70845,4.0
84236,4.0
76529,4.0
55426,4.0
71081,4.0
65495,4.0
49492,4.0
76860,4.0
77834,4.0
84422,3.0
72278,4.0
71505,4.0
52156,4.0
68054,3.0
53856,3.0
90862,-1.0
71557,4.0
56292,4.0
77273,4.0
74547,-1.0
90302,-1.0
86580,4.0
69895,3.0
51251,4.0
72057,4.0
76047,4.0
76995,4.0
75855,4.0
67735,3.0
57179,4.0
47809,4.0
83825,3.0
65061,4.0
52012,4.0
75188,4.0
67928,4.0
65772,4.0
71023,4.0
67071,4.0
44808,4.0
54980,4.0
77272,3.0
55968,3.0
49206,3.0
82312,3.0
55338,4.0
81160,3.0
49852,4.0
52133,4.0
65792,4.0
71989,4.0
77096,4.0
80757,-1.0
75462,4.0
90573,3.0
92896,3.0
66677,4.0
49383,4.0
70914,4.0
81787,3.0
77970,4.0
74419,4.0
69650,4.0
72765,4.0
64913,3.0
74593,4.0
71848,4.0
64970,3.0
66786,4.0
91695,-1.0
92355,3.0
49145,3.0
75262,4.0
74652,4.0
71229,4.0
50906,3.0
80500,3.0
49448,4.0
81774,3.0
48450,4.0
78009,4.0
83645,4.0
75016,4.0
66403,4.0
86684,4.0
66143,4.0
86366,4.0
47584,4.0
71875,4.0
76580,3.0
82187,4.0
54179,4.0
81857,3.0
75825,4.0
76726,4.0
67367,4.0
81615,3.0
71547,4.0
58019,3.0
71250,4.0
55218,3.0
73425,3.0
55339,3.0
68271,4.0
77054,4.0
83754,3.0
57800,4.0
67140,4.0
65589,4.0
50844,4.0
50296,4.0
76099,4.0
72284,4.0
75998,3.0
67420,4.0
84103,4.0
49850,4.0
77196,3.0
81677,3.0
67670,4.0
65591,4.0
55162,4.0
49998,3.0
73718,3.0
70882,4.0
55468,4.0
72337,3.0
75065,4.0
80835,3.0
73008,4.0
87830,4.0
70180,3.0
82643,4.0
51471,4.0
70259,4.0
67895,4.0
54068,3.0
66618,4.0
70947,3.0
70809,3.0
47815,4.0
49417,3.0
76483,4.0
66054,4.0
72929,4.0
53092,4.0
46303,4.0
76595,3.0
78562,4.0
77172,4.0
66927,4.0
65787,4.0
77670,3.0
57261,4.0
73131,4.0
75821,4.0
81251,3.0
48385,4.0
81735,4.0
68951,4.0
71682,4.0
69811,4.0
50663,3.0
76274,3.0
83642,4.0
90354,-1.0
46946,4.0
66142,4.0
58530,3.0
73225,3.0
45741,4.0
70737,3.0
88286,4.0
55618,3.0
74627,4.0
88323,3.0
71396,4.0
50346,4.0
56778,4.0
70853,4.0
73416,3.0
90334,-1.0
66893,4.0
55454,4.0
73094,3.0
72482,4.0
76323,3.0
66496,4.0
67663,4.0
92842,3.0
48848,4.0
50322,4.0
82864,3.0
65128,4.0
73651,4.0
72226,4.0
73155,4.0
45749,4.0
70608,3.0
79349,3.0
66936,4.0
77840,4.0
68316,4.0
45750,4.0
68060,3.0
70560,3.0
67704,3.0
79665,3.0
76918,4.0
67292,4.0
75449,3.0
75760,4.0
48063,3.0
85560,3.0
75256,4.0
71377,4.0
57815,4.0
69516,3.0
49961,3.0
82985,3.0
74836,3.0
77247,3.0
82328,3.0
72853,4.0
74691,4.0
70590,4.0
90586,3.0
66359,4.0
81011,3.0
74169,4.0
81437,4.0
71046,3.0
65133,4.0
77244,4.0
64985,4.0
87072,4.0
84169,3.0
56741,3.0
67942,3.0
69682,4.0
90795,-1.0
82349,4.0
66723,4.0
70591,3.0
73276,3.0
87746,3.0
90343,3.0
65819,4.0
91829,-1.0
75420,4.0
71060,4.0
67268,4.0
80548,-1.0
57747,4.0
86358,3.0
76593,3.0
68829,3.0
55333,4.0
76203,4.0
57447,4.0
45700,4.0
69631,3.0
81556,4.0
54311,4.0
66852,4.0
76050,4.0
76903,4.0
82880,4.0
86127,4.0
80564,3.0
88332,4.0
81239,3.0
57381,4.0
84383,4.0
52889,4.0
72305,4.0
89081,-1.0
71134,4.0
70688,4.0
49312,4.0
51493,4.0
86968,3.0
74187,3.0
66017,4.0
55452,4.0
73035,4.0
84119,4.0
58502,3.0
82631,-1.0
85461,3.0
65858,4.0
45680,4.0
76641,4.0
74803,4.0
78405,4.0
83903,3.0
73047,3.0
77212,3.0
75770,4.0
76753,4.0
66160,4.0
83517,-1.0
67957,4.0
65008,3.0
70028,4.0
81590,3.0
74629,4.0
83755,4.0
45604,4.0
65378,4.0
48788,4.0
52887,4.0
86143,3.0
70549,3.0
83130,4.0
66003,4.0
89878,-1.0
49655,4.0
74996,4.0
86327,-1.0
68853,3.0
71593,4.0
73461,3.0
69663,4.0
81543,4.0
66535,4.0
65938,4.0
81957,4.0
74683,4.0
77494,4.0
73192,4.0
87199,3.0
81821,4.0
65189,4.0
71128,4.0
83492,3.0
52424,4.0
82111,3.0
67551,4.0
193930,-1.0
81848,3.0
76517,4.0
66935,4.0
65129,4.0
88275,4.0
81388,3.0
71407,4.0
46951,4.0
71065,4.0
66386,3.0
81768,4.0
66120,4.0
71783,4.0
68019,4.0
77440,4.0
65161,4.0
53851,4.0
81925,3.0
51254,3.0
72946,3.0
77068,3.0
88655,3.0
91140,3.0
77763,4.0
52340,3.0
86635,4.0
65181,4.0
77225,4.0
82830,4.0
48169,4.0
46098,4.0
66597,4.0
88840,3.0
57858,3.0
68104,4.0
72702,4.0
88800,4.0
51899,3.0
55411,4.0
58298,3.0
58606,4.0
87469,3.0
77180,-1.0
48476,4.0
49580,3.0
72530,4.0
83121,4.0
70124,4.0
58499,4.0
76070,4.0
45672,4.0
55086,4.0
101503,-1.0
71040,4.0
77794,3.0
76013,4.0
44992,3.0
55608,3.0
46090,3.0
67175,3.0
77313,4.0
84389,4.0
66515,3.0
65552,3.0
74368,4.0
80889,4.0
78605,4.0
52097,4.0
82432,4.0
67581,3.0
76893,3.0
55134,4.0
72159,3.0
74505,4.0
81250,4.0
76306,3.0
65855,3.0
65984,4.0
66186,4.0
66228,3.0
51263,4.0
67314,4.0
49629,4.0
77705,3.0
86088,4.0
82637,3.0
90252,3.0
67289,4.0
55326,4.0
68982,4.0
85340,-1.0
74288,3.0
49299,3.0
82069,3.0
72845,4.0
71150,4.0
71507,4.0
72086,4.0
71378,4.0
50596,4.0
71624,3.0
58497,4.0
78862,4.0
45601,4.0
78065,3.0
70128,4.0
72314,3.0
66792,4.0
82445,4.0
70381,4.0
90660,-1.0
65405,4.0
54995,3.0
57362,4.0
67518,4.0
74262,4.0
51473,3.0
80944,3.0
67407,4.0
68618,4.0
47697,3.0
49152,3.0
71244,4.0
67082,4.0
51354,3.0
75450,4.0
72958,3.0
83674,-1.0
56908,3.0
65046,3.0
71175,4.0
75336,3.0
48836,4.0
74309,4.0
83336,3.0
78657,4.0
85707,4.0
73426,4.0
82476,3.0
75451,4.0
83664,4.0
69906,4.0
85681,4.0
84101,4.0
78892,4.0
65655,4.0
79195,4.0
77899,-1.0
58878,4.0
81924,4.0
45259,3.0
82515,4.0
66437,4.0
85928,3.0
65903,4.0
65359,4.0
84839,3.0
88728,3.0
81849,3.0
73119,4.0
67077,4.0
79464,4.0
50286,3.0
45753,4.0
49310,4.0
91804,3.0
69804,3.0
58024,3.0
88162,4.0
72573,4.0
88153,3.0
47833,4.0
48318,4.0
84473,-1.0
77274,3.0
66653,4.0
86375,-1.0
75403,4.0
85283,-1.0
73143,4.0
47411,4.0
50833,4.0
67257,3.0
77201,4.0
65426,4.0
81853,3.0
47884,4.0
71325,4.0
88350,4.0
48496,4.0
68263,4.0
86090,4.0
70664,4.0
74564,4.0
52923,3.0
92362,3.0
72773,4.0
68734,3.0
56777,3.0
71042,4.0
49559,4.0
71310,4.0
50808,4.0
83809,3.0
71054,4.0
50668,3.0
75154,4.0
54305,3.0
82466,3.0
55229,3.0
73077,3.0
45389,4.0
52408,3.0
48340,4.0
66094,4.0
77085,4.0
55960,4.0
76439,4.0
77734,3.0
75473,4.0
55990,4.0
54151,4.0
78505,3.0
65320,4.0
64968,4.0
70019,4.0
68162,4.0
57198,4.0
85679,4.0
86591,3.0
55581,3.0
86661,3.0
68222,3.0
77129,4.0
69032,4.0
55575,4.0
48812,4.0
93193,3.0
57546,3.0
83224,3.0
76319,4.0
76182,4.0
74450,3.0
84157,3.0
66541,4.0
72240,4.0
73287,3.0
68942,3.0
48451,4.0
74844,4.0
73663,3.0
67000,4.0
66084,4.0
78418,4.0
65013,4.0
86354,4.0
58602,4.0
48405,4.0
71295,3.0
73427,4.0
66884,4.0
66300,3.0
54314,4.0
71064,4.0
81302,4.0
65976,3.0
65965,3.0
88530,3.0
80999,3.0
69998,4.0
75844,4.0
68326,4.0
65950,3.0
92849,3.0
66991,4.0
84425,3.0
72408,4.0
76588,4.0
57348,3.0
92109,3.0
72039,4.0
74586,3.0
55959,3.0
66169,4.0
51238,3.0
72063,4.0
92068,3.0
66048,4.0
71544,4.0
81000,3.0
70761,4.0
83437,3.0
58952,4.0
71714,3.0
56813,4.0
92147,3.0
67936,3.0
72653,4.0
68676,4.0
56820,4.0
66894,4.0
84198,4.0
47608,3.0
68211,3.0
88633,3.0
74344,3.0
56772,3.0
56787,4.0
66739,3.0
83955,4.0
71579,4.0
66044,4.0
85943,3.0
88137,4.0
82981,3.0
76865,-1.0
82656,4.0
69873,4.0
85591,-1.0
72229,4.0
64976,3.0
72664,4.0
49305,3.0
81537,3.0
83855,3.0
53164,3.0
88431,3.0
74914,3.0
52361,4.0
73060,4.0
67676,3.0
74848,4.0
52094,4.0
75291,3.0
70398,4.0
67214,4.0
65050,4.0
76433,4.0
72336,4.0
56987,4.0
86979,-1.0
67885,4.0
77978,4.0
68786,4.0
75853,4.0
58020,3.0
51409,4.0
58295,4.0
50926,3.0
65890,4.0
86545,3.0
84516,3.0
73061,4.0
77130,4.0
72151,4.0
71778,4.0
49246,3.0
88442,3.0
70513,4.0
47886,4.0
66664,4.0
75150,4.0
48301,4.0
51511,4.0
86582,4.0
49661,4.0
71793,4.0
72703,4.0
81529,4.0
69874,3.0
59725,3.0
74575,3.0
51030,4.0
72802,4.0
87617,3.0
49669,3.0
73652,4.0
49854,4.0
56923,4.0
63502,4.0
70477,3.0
76211,4.0
77048,4.0
82250,-1.0
63539,4.0
84291,4.0
69711,4.0
81301,4.0
90685,3.0
81899,3.0
72992,4.0
76638,4.0
76261,4.0
52113,4.0
91349,3.0
88534,3.0
83122,4.0
87829,4.0
70013,4.0
53106,3.0
74338,3.0
70630,4.0
71275,4.0
83538,4.0
65995,4.0
87468,3.0
56710,3.0
75746,4.0
89219,3.0
50937,3.0
69726,4.0
56298,4.0
58507,4.0
55670,4.0
49826,3.0
65292,4.0
65924,4.0
84245,4.0
71616,4.0
90116,3.0
55071,4.0
75049,4.0
49608,4.0
54632,3.0
67661,4.0
52007,3.0
85866,3.0
75084,4.0
82089,3.0
74745,3.0
90823,3.0
78623,4.0
78271,4.0
66157,3.0
71499,4.0
57350,3.0
77256,3.0
88163,4.0
71706,4.0
87055,3.0
51189,4.0
67756,4.0
66133,4.0
70247,4.0
49433,3.0
68834,3.0
69498,4.0
84390,3.0
81360,3.0
65293,4.0
87999,4.0
70559,3.0
49772,4.0
76864,4.0
67564,4.0
45362,4.0
86312,-1.0
84434,3.0
56833,3.0
82459,3.0
76910,4.0
68329,4.0
77246,3.0
51273,4.0
66139,-1.0
69950,4.0
88380,4.0
47603,4.0
66449,4.0
45686,4.0
49845,4.0
64958,4.0
80959,3.0
56740,4.0
66110,4.0
49986,4.0
65336,4.0
55379,4.0
66117,4.0
82173,4.0
66453,4.0
45403,4.0
77992,4.0
70454,4.0
53301,4.0
73456,4.0
51713,4.0
55458,3.0
70080,4.0
83845,4.0
86209,-1.0
67768,4.0
75371,4.0
67317,4.0
52372,3.0
92039,3.0
72360,4.0
50855,3.0
67650,4.0
68177,3.0
50856,4.0
75103,4.0
76028,3.0
59708,3.0
45655,4.0
71497,3.0
79619,3.0
71513,4.0
104460,-1.0
83542,4.0
69019,3.0
75135,3.0
47646,4.0
86198,3.0
101186,-1.0
54992,3.0
80977,3.0
82385,4.0
51197,4.0
86157,4.0
78906,-1.0
78019,4.0
66765,4.0
86566,4.0
66688,4.0
68292,4.0
83768,4.0
71342,4.0
69966,4.0
66289,4.0
66550,4.0
76044,4.0
58508,4.0
88113,4.0
70395,3.0
75382,3.0
81446,3.0
86396,3.0
82856,3.0
48879,4.0
75400,3.0
84918,-1.0
66992,4.0
85633,3.0
84138,4.0
75702,3.0
83860,3.0
55415,4.0
52102,4.0
54802,3.0
68569,3.0
75195,4.0
70072,4.0
67276,4.0
67678,4.0
50020,3.0
85539,3.0
76904,4.0
65929,4.0
65010,4.0
70523,3.0
76902,-1.0
67005,3.0
68561,4.0
82885,4.0
76233,4.0
84099,4.0
84022,4.0
86514,4.0
71080,4.0
65187,4.0
66037,4.0
68110,4.0
87274,3.0
76853,3.0
72843,4.0
65222,4.0
69020,4.0
67171,3.0
67702,3.0
87811,3.0
44955,4.0
86145,4.0
50813,4.0
51463,4.0
49824,4.0
77781,4.0
74954,4.0
88347,4.0
72495,4.0
75071,4.0
87111,4.0
69785,4.0
66060,4.0
54799,3.0
74304,4.0
71222,4.0
50950,3.0
75692,4.0
69831,3.0
57227,4.0
55596,4.0
65564,4.0
81751,3.0
68085,4.0
49960,4.0
72390,4.0
51213,4.0
45339,4.0
88278,4.0
86692,4.0
74165,4.0
68436,4.0
75796,4.0
45707,4.0
91665,-1.0
91173,-1.0
70012,4.0
70722,4.0
76784,4.0
81023,3.0
78694,4.0
92347,3.0
68416,4.0
65917,4.0
71846,4.0
75379,3.0
69854,4.0
72793,3.0
88346,3.0
45086,4.0
51518,4.0
56755,3.0
51427,4.0
71844,4.0
78907,3.0
71000,3.0
45835,4.0
46919,4.0
72751,4.0
78858,3.0
91310,3.0
64951,4.0
86383,4.0
48284,4.0
77519,4.0
68134,3.0
75347,4.0
67500,3.0
54933,3.0
84446,4.0
82488,4.0
71123,4.0
81930,4.0
51356,4.0
75363,3.0
47864,4.0
77749,4.0
81726,4.0
83049,-1.0
75002,4.0
66406,4.0
73271,3.0
66769,4.0
51506,4.0
72449,4.0
87265,-1.0
79962,3.0
65032,4.0
49920,3.0
74931,4.0
75397,3.0
84162,3.0
69929,3.0
77075,3.0
86817,3.0
83848,4.0
77522,4.0
65894,4.0
47082,4.0
67411,4.0
84318,4.0
45024,4.0
55171,3.0
84361,3.0
81916,-1.0
83570,4.0
45863,4.0
45367,4.0
76519,4.0
52028,4.0
75331,4.0
49532,4.0
90898,-1.0
74901,4.0
84684,-1.0
77500,4.0
67306,4.0
65016,4.0
65901,4.0
72254,4.0
73467,3.0
71659,3.0
83981,4.0
65112,3.0
77782,4.0
77524,4.0
66457,4.0
76866,3.0
65265,4.0
55667,3.0
70432,4.0
70053,4.0
51423,4.0
77617,3.0
70801,3.0
68852,4.0
89596,3.0
81659,3.0
87863,3.0
83862,3.0
81045,-1.0
74444,3.0
73235,3.0
82180,3.0
68533,4.0
86992,4.0
75710,4.0
68173,4.0
73080,3.0
49239,3.0
68195,4.0
67598,4.0
45359,4.0
78071,3.0
81398,4.0
85563,3.0
58955,3.0
72322,4.0
47853,4.0
70237,4.0
48343,4.0
49467,4.0
83817,4.0
75712,4.0
74426,3.0
83954,4.0
65373,4.0
48338,4.0
73268,3.0
72849,3.0
86315,-1.0
57711,3.0
55320,4.0
92041,-1.0
91808,3.0
66181,3.0
76570,3.0
88182,3.0
67365,4.0
47765,4.0
68713,4.0
70916,4.0
65583,4.0
71604,4.0
57326,4.0
46650,4.0
76930,4.0
77018,3.0
74416,4.0
82096,4.0
44930,4.0
85644,3.0
45997,4.0
81229,-1.0
80831,3.0
74719,3.0
88799,4.0
76518,3.0
52047,4.0
72831,4.0
77401,4.0
57181,4.0
77146,4.0
57355,4.0
86628,4.0
76881,4.0
71747,3.0
88308,4.0
76553,3.0
75556,4.0
49975,4.0
76506,4.0
71850,4.0
78596,4.0
88201,4.0
82516,3.0
75149,4.0
74517,3.0
67588,4.0
65163,4.0
75056,3.0
82694,3.0
77074,4.0
71711,-1.0
68515,4.0
86176,4.0
67378,4.0
90207,3.0
65203,4.0
52039,4.0
75960,4.0
87198,3.0
74852,4.0
76775,4.0
71538,4.0
76566,4.0
77127,4.0
71530,4.0
65287,4.0
67940,3.0
66118,4.0
57843,4.0
75756,4.0
48195,4.0
84102,4.0
55003,3.0
66192,4.0
71565,4.0
49149,3.0
58612,4.0
90053,3.0
76929,4.0
106559,-1.0
90248,3.0
83064,-1.0
87189,3.0
75742,4.0
81316,4.0
48164,4.0
68328,4.0
50040,4.0
70888,4.0
65076,3.0
72139,3.0
72968,4.0
47424,4.0
71221,4.0
49235,3.0
67706,3.0
86499,4.0
45600,3.0
84357,3.0
70579,4.0
76985,4.0
45807,4.0
75587,4.0
73002,3.0
76150,4.0
69643,3.0
82768,3.0
73494,4.0
57371,3.0
71118,4.0
72304,4.0
49652,4.0
75167,4.0
71933,4.0
73286,3.0
75604,4.0
54228,4.0
89364,3.0
75004,4.0
50806,4.0
81837,3.0
49438,4.0
72524,3.0
70530,4.0
74855,4.0
78436,4.0
67873,3.0
44639,3.0
82652,-1.0
73249,4.0
76825,4.0
69567,3.0
77270,4.0
74822,4.0
66552,4.0
64941,4.0
70488,4.0
86896,-1.0
70248,4.0
69803,4.0
64933,3.0
58501,3.0
70598,3.0
52392,4.0
52235,3.0
67631,4.0
50306,4.0
75292,4.0
82514,4.0
67887,4.0
51003,3.0
90702,-1.0
90346,-1.0
72295,4.0
72202,4.0
73264,3.0
74483,-1.0
72375,3.0
83355,4.0
47714,3.0
72940,4.0
55366,4.0
54284,4.0
75833,4.0
78395,4.0
66623,4.0
65247,3.0
74815,4.0
74532,3.0
80817,3.0
69964,4.0
71869,4.0
84006,4.0
54993,4.0
71929,4.0
75132,4.0
75703,4.0
81079,-1.0
89641,-1.0
65851,4.0
77564,3.0
76793,4.0
81729,4.0
70522,4.0
75963,4.0
66785,3.0
75648,4.0
76157,4.0
82620,3.0
86755,3.0
92149,3.0
51000,4.0
71853,4.0
90873,-1.0
85770,-1.0
66646,4.0
77082,4.0
64401,4.0
86549,3.0
77148,3.0
75129,4.0
66915,3.0
76326,4.0
80975,3.0
76609,3.0
84477,3.0
89303,3.0
69069,3.0
88256,3.0
67777,3.0
74413,4.0
72338,3.0
51449,4.0
54197,4.0
65839,4.0
57496,3.0
71351,3.0
67546,3.0
58599,4.0
50862,3.0
88363,4.0
90689,3.0
74670,4.0
72136,4.0
76043,3.0
69806,4.0
82156,-1.0
67486,4.0
70287,4.0
52528,3.0
56763,3.0
49940,3.0
67969,4.0
66231,4.0
78521,3.0
67374,3.0
77304,4.0
65194,4.0
65918,3.0
49883,4.0
92331,-1.0
71687,4.0
65914,4.0
69819,4.0
68265,4.0
91852,-1.0
82461,4.0
73159,4.0
74756,3.0
68738,4.0
87451,-1.0
71951,4.0
81545,4.0
69730,3.0
66245,4.0
81113,3.0
87610,3.0
76658,4.0
85948,3.0
93165,3.0
72265,3.0
84206,4.0
74316,3.0
68616,4.0
68073,4.0
77744,4.0
77507,4.0
72207,4.0
77442,3.0
87308,4.0
65506,4.0
66223,4.0
77566,3.0
77235,-1.0
69062,4.0
83656,-1.0
67427,4.0
78580,4.0
70206,4.0
73110,3.0
86369,4.0
77722,3.0
56724,3.0
76806,4.0
69555,4.0
77173,3.0
88398,3.0
69981,4.0
83734,3.0
74541,4.0
67471,4.0
63557,3.0
55063,4.0
80183,4.0
55970,3.0
76331,3.0
45588,4.0
74460,3.0
54998,4.0
55385,4.0
66605,4.0
69723,3.0
73132,4.0
72528,4.0
80909,4.0
81565,4.0
93111,3.0
67918,4.0
70735,4.0
77770,4.0
49524,4.0
72260,4.0
81254,4.0
77646,3.0
77241,-1.0
46912,3.0
49470,4.0
82167,4.0
75022,4.0
75042,4.0
67090,3.0
55176,4.0
79198,4.0
76454,4.0
87110,-1.0
55114,4.0
55409,3.0
67577,4.0
66076,3.0
49268,3.0
92013,-1.0
72860,4.0
80721,3.0
85695,3.0
92740,3.0
75819,4.0
69941,3.0
68308,4.0
58352,3.0
45380,4.0
49795,4.0
107597,3.0
76245,4.0
66580,4.0
57563,4.0
70232,4.0
71197,4.0
86705,4.0
48461,4.0
81318,3.0
72415,4.0
81937,4.0
78517,3.0
86406,4.0
71241,4.0
58579,4.0
65853,4.0
75697,4.0
67856,4.0
52310,3.0
85008,3.0
53874,4.0
92941,3.0
68568,3.0
50876,3.0
77055,4.0
86654,4.0
78564,3.0
50277,4.0
48840,3.0
70039,4.0
81235,4.0
73156,4.0
78064,3.0
51643,4.0
66104,4.0
72335,4.0
84056,4.0
49821,4.0
66859,4.0
68803,3.0
70239,4.0
74202,4.0
56826,4.0
65868,4.0
93136,3.0
77001,4.0
51648,4.0
82635,4.0
74814,4.0
75611,4.0
71043,4.0
71205,4.0
84380,4.0
91981,-1.0
71019,3.0
69699,4.0
86569,3.0
55980,4.0
49511,3.0
54436,4.0
77678,3.0
77909,4.0
55365,3.0
59535,4.0
67973,3.0
63463,4.0
71363,3.0
56725,4.0
74620,4.0
76027,4.0
52910,4.0
70014,3.0
49823,4.0
51198,4.0
76538,4.0
65184,4.0
78647,4.0
52921,4.0
66427,4.0
77937,4.0
65318,4.0
80149,3.0
86648,4.0
51598,4.0
89693,3.0
65466,4.0
76154,4.0
72490,4.0
57540,3.0
72747,4.0
92344,-1.0
78315,4.0
76327,3.0
63536,4.0
76912,4.0
84774,3.0
88863,4.0
87080,3.0
71448,-1.0
63390,3.0
68369,3.0
68370,4.0
55354,4.0
70795,4.0
55991,4.0
67807,-1.0
88112,4.0
70051,4.0
88996,-1.0
81268,4.0
65783,4.0
71185,3.0
84156,3.0
71138,4.0
71386,4.0
59546,4.0
67220,4.0
84130,4.0
66797,4.0
84111,4.0
56613,4.0
57384,3.0
52257,4.0
72466,3.0
67251,3.0
76032,4.0
68023,4.0
72658,4.0
78575,4.0
85641,4.0
58639,4.0
72857,4.0
80947,3.0
76046,4.0
81892,-1.0
72578,3.0
72100,4.0
72465,4.0
74934,4.0
49843,4.0
92364,3.0
67536,3.0
81758,3.0
58405,3.0
56804,4.0
67753,3.0
88765,4.0
49708,4.0
72568,4.0
67267,4.0
70498,4.0
85442,3.0
49135,3.0
49214,3.0
66173,4.0
72333,4.0
90451,-1.0
72056,3.0
71471,4.0
74385,4.0
76493,4.0
113396,3.0
72339,3.0
87073,4.0
75441,4.0
70362,4.0
69027,4.0
72779,3.0
71495,4.0
86556,4.0
70151,3.0
74853,4.0
64949,4.0
66151,4.0
58317,3.0
65302,4.0
73417,3.0
76286,3.0
70340,4.0
65098,3.0
66774,3.0
47096,4.0
84761,-1.0
75338,3.0
52650,4.0
55010,4.0
55376,4.0
50140,4.0
66309,4.0
80934,3.0
72704,3.0
81133,3.0
55543,3.0
90579,3.0
67556,3.0
75273,3.0
72126,4.0
74253,3.0
88302,4.0
86724,-1.0
68985,4.0
76952,4.0
54174,4.0
65024,4.0
66553,4.0
66752,4.0
48453,4.0
75289,3.0
84462,4.0
80585,-1.0
82398,4.0
53089,4.0
66074,4.0
83637,3.0
89326,3.0
59562,4.0
65510,4.0
86181,4.0
85604,3.0
70189,4.0
75271,4.0
45620,4.0
66462,4.0
86590,4.0
86842,3.0
76155,4.0
51736,4.0
68899,4.0
88038,4.0
54287,4.0
58012,3.0
113405,-1.0
49410,4.0
56067,3.0
63524,4.0
68251,4.0
66073,4.0
67212,4.0
58287,3.0
73205,3.0
69657,4.0
67108,4.0
88172,3.0
49719,4.0
88368,4.0
83812,3.0
71004,4.0
49431,4.0
70677,4.0
65237,4.0
90742,-1.0
49667,3.0
49832,4.0
52128,4.0
66902,4.0
71281,4.0
66090,4.0
48878,4.0
72859,4.0
70033,4.0
45343,3.0
49219,3.0
83993,4.0
82374,4.0
82411,4.0
70449,4.0
55169,4.0
71611,4.0
67682,4.0
58420,4.0
67474,3.0
77820,4.0
74568,3.0
57548,3.0
66200,4.0
68752,3.0
65347,3.0
86670,4.0
66778,4.0
66788,4.0
81715,4.0
64912,4.0
56851,4.0
66928,4.0
79823,4.0
81458,3.0
85992,-1.0
58820,3.0
56736,3.0
77197,3.0
57324,4.0
44966,4.0
87304,4.0
67434,4.0
70325,4.0
49658,4.0
70282,4.0
55345,4.0
68372,4.0
65900,4.0
76683,3.0
58776,4.0
65443,4.0
75744,4.0
90600,3.0
67930,4.0
74163,4.0
84889,3.0
56004,4.0
77149,4.0
81257,4.0
67473,4.0
56849,4.0
70731,4.0
81305,3.0
76187,4.0
66737,4.0
67939,3.0
81293,3.0
70660,4.0
71810,4.0
72319,4.0
49610,3.0
67851,4.0
72758,4.0
86505,3.0
71322,4.0
87295,3.0
103714,-1.0
49497,4.0
82290,3.0
69039,4.0
65614,4.0
70096,4.0
68883,4.0
67356,4.0
52313,3.0
88389,4.0
68097,4.0
65179,4.0
83866,3.0
78693,3.0
84026,4.0
49213,3.0
49162,4.0
73430,4.0
56872,4.0
51879,3.0
59674,4.0
81136,-1.0
86525,4.0
66587,4.0
65198,4.0
49564,3.0
70174,3.0
65572,3.0
57161,3.0
66588,4.0
49242,3.0
104838,-1.0
87483,3.0
75506,4.0
69065,4.0
74466,3.0
83550,4.0
48484,4.0
70627,4.0
75169,3.0
75515,4.0
55304,3.0
72447,4.0
46100,4.0
55306,4.0
67080,3.0
48591,4.0
76973,4.0
50088,3.0
55380,4.0
49866,4.0
49887,4.0
65966,3.0
71018,4.0
64757,4.0
66675,3.0
57932,3.0
84358,4.0
82529,3.0
67233,3.0
73200,3.0
67027,4.0
84090,4.0
71946,4.0
81315,3.0
90983,3.0
67038,4.0
65641,4.0
74887,4.0
49285,3.0
73956,4.0
58050,4.0
87267,3.0
56021,4.0
72912,4.0
85580,3.0
75571,4.0
49109,4.0
84183,4.0
88456,3.0
49923,4.0
75337,4.0
72127,4.0
74161,4.0
83441,3.0
65881,4.0
82993,3.0
76107,4.0
79632,4.0
71704,4.0
72961,4.0
56998,4.0
66409,4.0
84023,4.0
91580,-1.0
65935,4.0
45261,4.0
67376,4.0
49288,4.0
79273,4.0
66508,4.0
66943,4.0
70423,3.0
67439,3.0
72791,4.0
65073,3.0
50890,4.0
67990,3.0
90917,3.0
76105,4.0
47389,4.0
59537,4.0
77690,4.0
75767,4.0
56641,4.0
49846,4.0
82228,3.0
48530,4.0
89285,3.0
68495,3.0
87234,4.0
59699,4.0
67222,3.0
76364,-1.0
73709,3.0
83364,4.0
54417,4.0
77907,4.0
75955,3.0
51819,4.0
67575,4.0
49461,3.0
70910,4.0
81767,3.0
68453,4.0
69756,4.0
77412,4.0
67906,4.0
82696,3.0
76541,3.0
75583,4.0
54715,4.0
55013,4.0
52281,3.0
83850,4.0
91890,-1.0
76879,-1.0
74489,-1.0
66632,4.0
45609,3.0
72460,4.0
66314,4.0
83541,4.0
66050,4.0
81722,4.0
86112,4.0
54320,4.0
81719,4.0
76758,4.0
84247,4.0
72832,4.0
51130,4.0
69034,4.0
83247,-1.0
70233,4.0
49585,4.0
52404,3.0
66891,4.0
81926,4.0
80199,4.0
74872,4.0
81213,4.0
75643,4.0
79379,4.0
82495,4.0
70827,4.0
67480,3.0
78612,4.0
50328,4.0
76773,4.0
65557,3.0
48517,4.0
55158,3.0
65043,4.0
74628,4.0
46939,3.0
50137,4.0
49223,3.0
51893,4.0
83984,3.0
81400,3.0
81066,3.0
72233,4.0
47356,4.0
70848,4.0
85153,-1.0
54996,4.0
48549,4.0
73507,3.0
72058,4.0
76757,4.0
90518,-1.0
55943,4.0
70538,4.0
75038,4.0
50859,4.0
77122,4.0
73149,3.0
73175,4.0
77406,4.0
65380,3.0
84115,4.0
82534,4.0
84203,4.0
47101,4.0
51185,4.0
65276,4.0
65846,4.0
70142,4.0
45345,4.0
80827,3.0
77109,4.0
65220,4.0
67373,4.0
81004,3.0
45253,4.0
78542,3.0
73090,3.0
73685,3.0
54286,4.0
103267,3.0
48454,4.0
51178,4.0
45692,4.0
83037,3.0
66584,4.0
54796,4.0
77436,4.0
82510,3.0
57923,4.0
66484,4.0
70752,4.0
66394,3.0
48474,4.0
79345,3.0
75060,4.0
77034,4.0
58619,4.0
49489,4.0
88500,3.0
85439,-1.0
51483,4.0
70158,3.0
49133,4.0
50873,3.0
69845,4.0
65217,4.0
66696,4.0
68878,4.0
71531,4.0
76480,4.0
66678,4.0
77218,3.0
74681,4.0
75776,4.0
81404,4.0
82183,3.0
74611,4.0
74908,4.0
65330,4.0
48882,4.0
67375,4.0
50841,4.0
64919,4.0
51892,4.0
76059,4.0
72407,4.0
67403,4.0
71319,4.0
69677,4.0
75325,3.0
68633,4.0
84282,3.0
65882,4.0
80956,-1.0
76131,4.0
69817,4.0
71748,4.0
55477,4.0
55143,3.0
68712,4.0
87009,4.0
73081,3.0
66604,4.0
49241,4.0
49831,4.0
51437,4.0
70768,4.0
50935,3.0
72329,4.0
82829,3.0
70111,4.0
77621,4.0
70661,3.0
68295,4.0
65331,4.0
58833,4.0
49959,4.0
52135,4.0
86119,4.0
51400,4.0
66793,4.0
47374,3.0
73696,3.0
49981,4.0
71327,4.0
72276,4.0
72742,4.0
48293,4.0
82490,3.0
73755,3.0
47391,4.0
54894,4.0
71584,4.0
88086,4.0
53123,3.0
66476,4.0
65442,4.0
54051,4.0
64402,4.0
86066,-1.0
79279,4.0
70165,3.0
70589,4.0
50124,3.0
72644,4.0
87540,3.0
49876,3.0
50035,4.0
66589,4.0
75566,3.0
72776,4.0
67242,3.0
70520,3.0
80979,3.0
93277,3.0
55588,4.0
83830,4.0
54991,4.0
67001,4.0
69846,4.0
82865,3.0
49177,4.0
77205,4.0
84241,4.0
49159,4.0
66141,4.0
57482,3.0
79335,4.0
73741,3.0
77735,4.0
76180,4.0
46651,4.0
46054,4.0
82532,3.0
71838,4.0
86588,3.0
75727,4.0
71463,4.0
63558,4.0
66673,4.0
75320,3.0
49784,4.0
70358,4.0
68527,4.0
75229,4.0
75663,3.0
65476,4.0
74552,3.0
73104,4.0
68092,3.0
70275,4.0
76246,4.0
65157,4.0
49875,4.0
79516,4.0
53878,4.0
74274,3.0
52900,4.0
49848,3.0
73807,4.0
74458,3.0
49994,4.0
65196,4.0
72868,4.0
75444,4.0
76486,4.0
55150,4.0
45381,4.0
72064,4.0
70773,4.0
84513,3.0
66959,4.0
73199,3.0
83606,4.0
88966,3.0
87441,3.0
77153,4.0
70494,3.0
83406,4.0
45766,4.0
91931,-1.0
67681,4.0
76807,3.0
69823,4.0
75192,4.0
45346,4.0
72927,4.0
49584,4.0
76110,4.0
81490,-1.0
69798,4.0
70332,4.0
87007,4.0
66067,4.0
75496,4.0
91994,-1.0
49500,3.0
194044,-1.0
73466,3.0
68277,4.0
71305,4.0
77916,4.0
78920,4.0
74303,4.0
76014,4.0
55074,4.0
76438,4.0
45335,4.0
85691,4.0
82660,3.0
49620,4.0
88109,4.0
65544,4.0
75116,4.0
57377,3.0
65551,3.0
86848,4.0
81275,3.0
76975,4.0
72471,4.0
82769,3.0
66146,4.0
73745,3.0
54978,4.0
67443,3.0
68320,4.0
76049,-1.0
68150,4.0
71822,4.0
75741,4.0
71648,3.0
66711,4.0
76867,4.0
72543,4.0
81152,4.0
47725,3.0
77685,4.0
64926,3.0
48588,4.0
67448,3.0
50275,4.0
49793,3.0
72574,3.0
70214,4.0
46624,4.0
58794,4.0
66461,4.0
52402,3.0
46091,4.0
54060,4.0
84433,3.0
73490,3.0
76722,4.0
67757,3.0
81281,4.0
59681,4.0
74958,4.0
78379,4.0
88343,3.0
49222,3.0
76482,4.0
77741,4.0
78836,4.0
76981,4.0
81917,3.0
71380,4.0
48586,4.0
67707,4.0
69692,3.0
75088,4.0
71365,4.0
51346,4.0
55073,4.0
77498,4.0
81001,3.0
68791,3.0
76664,4.0
47860,4.0
76284,4.0
72437,3.0
47727,3.0
71430,4.0
72382,3.0
67825,4.0
71029,4.0
54846,4.0
70946,4.0
73485,4.0
69899,3.0
75815,4.0
77175,3.0
54814,4.0
73678,3.0
58335,4.0
73489,3.0
85513,3.0
93130,3.0
75439,3.0
53128,4.0
67275,4.0
74839,3.0
57725,4.0
52522,4.0
58780,4.0
76531,4.0
55213,3.0
47865,4.0
71992,3.0
49459,3.0
70103,3.0
83913,-1.0
58322,3.0
83796,4.0
72629,4.0
81824,4.0
86860,4.0
65160,4.0
81135,-1.0
70337,4.0
74880,3.0
50312,4.0
71617,4.0
90606,3.0
45249,4.0
45654,3.0
49001,4.0
65300,4.0
52366,3.0
76747,3.0
68273,4.0
67081,3.0
69911,3.0
66001,4.0
48893,4.0
73168,4.0
76350,4.0
70169,4.0
66361,4.0
74700,3.0
75680,3.0
71818,4.0
88150,4.0
80560,3.0
65540,4.0
81617,-1.0
76789,4.0
44828,4.0
82364,3.0
70949,4.0
47982,4.0
67064,4.0
65264,3.0
45708,4.0
66881,4.0
75333,4.0
55324,4.0
65880,4.0
67832,3.0
85491,-1.0
54052,4.0
76647,-1.0
68830,4.0
75610,4.0
67608,4.0
65805,4.0
74775,4.0
73759,3.0
67491,4.0
65281,4.0
91351,-1.0
83003,3.0
80301,4.0
68898,4.0
55399,4.0
54061,3.0
83923,3.0
85683,3.0
70281,4.0
65469,4.0
45323,4.0
87216,4.0
85026,-1.0
67886,4.0
82647,3.0
49778,4.0
83564,4.0
70525,4.0
90674,3.0
56912,3.0
74231,3.0
67416,4.0
73040,4.0
52899,4.0
67680,4.0
69059,4.0
74265,4.0
74294,4.0
67383,4.0
49476,4.0
87235,4.0
45677,4.0
77026,3.0
87898,4.0
48415,4.0
81406,3.0
49748,3.0
86000,-1.0
51887,3.0
78060,3.0
83785,3.0
71975,4.0
71568,4.0
86824,3.0
59687,4.0
75958,4.0
77232,4.0
66166,4.0
52040,4.0
74566,4.0
81827,4.0
56796,4.0
78859,3.0
77072,3.0
93131,-1.0
83789,4.0
55656,4.0
82484,3.0
77578,3.0
70088,4.0
70807,4.0
86571,3.0
56817,3.0
75245,4.0
86622,4.0
71500,4.0
81358,4.0
65437,4.0
67034,4.0
83269,4.0
55060,4.0
85110,3.0
71189,3.0
58510,4.0
44961,4.0
68276,4.0
87251,4.0
84224,3.0
81745,4.0
85872,3.0
73216,3.0
45773,3.0
84235,3.0
87644,3.0
45690,4.0
52100,4.0
70132,4.0
45082,4.0
70223,4.0
86814,4.0
53037,3.0
91976,3.0
93164,3.0
77433,4.0
86532,3.0
58478,4.0
58882,4.0
65998,4.0
71756,4.0
83810,4.0
70834,3.0
81419,3.0
50116,3.0
70024,4.0
68282,4.0
87964,3.0
57737,4.0
76887,4.0
72599,4.0
71625,3.0
56900,3.0
45703,4.0
77941,4.0
90308,3.0
57821,4.0
69080,3.0
87735,-1.0
49982,3.0
66298,4.0
104327,-1.0
82493,3.0
76424,4.0
75265,4.0
63565,3.0
80527,3.0
75319,4.0
58286,4.0
67759,4.0
75203,4.0
58485,4.0
66512,4.0
70785,4.0
74510,4.0
49766,4.0
86500,3.0
68368,4.0
71857,4.0
55140,4.0
86153,-1.0
81386,4.0
86552,4.0
51028,3.0
51204,4.0
57812,4.0
52349,4.0
71482,4.0
67247,4.0
56737,4.0
64929,4.0
70164,3.0
85880,-1.0
72253,3.0
72215,4.0
92986,3.0
57064,4.0
53853,4.0
88215,3.0
44783,4.0
83794,4.0
75260,4.0
88202,4.0
54230,3.0
75543,3.0
66049,4.0
54050,4.0
65791,4.0
48423,3.0
75298,3.0
57409,4.0
79262,3.0
44936,4.0
69707,3.0
50033,4.0
88125,3.0
89817,3.0
82372,4.0
75428,4.0
72054,4.0
71067,4.0
70967,4.0
57973,4.0
55004,3.0
71560,4.0
57741,4.0
87259,4.0
49539,4.0
58373,3.0
86664,4.0
83219,-1.0
80113,3.0
68072,3.0
66396,4.0
86370,4.0
69044,4.0
55152,4.0
83123,4.0
72984,4.0
82492,4.0
72475,4.0
87299,3.0
69622,3.0
86482,3.0
49622,4.0
77603,4.0
68394,4.0
47810,4.0
87514,3.0
85715,3.0
73020,4.0
71524,4.0
85556,3.0
71296,3.0
73274,3.0
54997,4.0
91541,-1.0
48493,4.0
72877,4.0
74437,3.0
65253,3.0
66362,4.0
75673,4.0
84806,3.0
74701,3.0
45085,4.0
67054,3.0
57449,3.0
68516,4.0
87226,4.0
77008,4.0
52042,4.0
76351,3.0
92083,3.0
90813,-1.0
74492,3.0
76909,4.0
67639,4.0
49225,4.0
86163,4.0
86840,4.0
81430,3.0
83131,4.0
74560,4.0
67938,3.0
67666,4.0
90280,-1.0
51255,4.0
90498,-1.0
71165,4.0
67096,4.0
44944,4.0
67333,3.0
105869,3.0
78817,4.0
76452,4.0
66885,4.0
81766,4.0
72532,4.0
46079,4.0
47086,4.0
83144,3.0
77449,4.0
80906,4.0
67110,3.0
68729,4.0
78266,3.0
75845,4.0
84525,4.0
48332,4.0
65389,3.0
81483,-1.0
48172,4.0
78576,3.0
45079,4.0
69173,3.0
71350,4.0
75145,4.0
65139,3.0
65832,4.0
71070,3.0
80891,3.0
58475,3.0
55984,4.0
51406,4.0
88044,4.0
81248,3.0
45772,4.0
70326,4.0
68864,3.0
56909,3.0
77233,4.0
75174,4.0
76704,3.0
68077,4.0
65436,3.0
78384,4.0
66208,4.0
90648,-1.0
67364,4.0
64936,4.0
52886,4.0
49179,3.0
46447,4.0
75945,4.0
68794,4.0
77317,4.0
45393,4.0
76905,4.0
90899,-1.0
68881,3.0
75652,4.0
79436,4.0
79957,4.0
57478,3.0
69656,4.0
76933,4.0
68572,3.0
52152,4.0
70918,4.0
66848,4.0
82198,-1.0
69960,4.0
48881,4.0
65018,4.0
88205,4.0
70122,4.0
71835,4.0
72000,4.0
70065,4.0
46628,3.0
83709,4.0
53149,3.0
86613,4.0
55390,4.0
67163,3.0
82289,3.0
76932,4.0
67452,4.0
49190,4.0
76281,3.0
55382,4.0
90687,3.0
68823,4.0
72529,4.0
72848,4.0
51512,4.0
84257,4.0
72553,4.0
76513,4.0
58319,4.0
67035,4.0
84137,4.0
66993,4.0
44921,4.0
65395,4.0
44916,4.0
55989,4.0
74834,4.0
86567,4.0
54296,4.0
56806,4.0
48355,4.0
56809,4.0
89275,-1.0
50010,3.0
71773,4.0
72355,4.0
83983,4.0
90669,-1.0
86331,4.0
71491,4.0
72820,3.0
70592,3.0
51488,4.0
54442,4.0
58559,3.0
84135,4.0
74567,3.0
92511,3.0
84890,3.0
49414,4.0
86658,4.0
65216,3.0
72359,4.0
47408,4.0
58314,4.0
83188,3.0
56633,4.0
83544,4.0
72170,4.0
83417,3.0
66495,4.0
70552,3.0
66491,4.0
45666,4.0
64971,3.0
66492,4.0
78860,3.0
55386,4.0
70971,4.0
88324,3.0
86140,4.0
68232,4.0
74711,3.0
74842,4.0
76481,4.0
67494,3.0
83209,3.0
55942,3.0
90870,3.0
67010,4.0
84062,4.0
92078,-1.0
48811,4.0
52013,3.0
55671,4.0
71796,-1.0
71034,4.0
55440,4.0
58474,4.0
84196,3.0
48886,4.0
82615,3.0
52095,3.0
74509,4.0
65270,4.0
75322,3.0
67543,3.0
74877,3.0
81450,-1.0
54133,3.0
74475,3.0
47357,3.0
74821,4.0
76194,4.0
72249,4.0
76012,4.0
73655,3.0
74219,3.0
69844,4.0
66366,4.0
50305,4.0
58141,4.0
90301,3.0
68021,4.0
83738,3.0
67566,3.0
73078,3.0
66194,4.0
70092,4.0
70966,4.0
69767,4.0
75250,4.0
83966,4.0
54183,4.0
49450,4.0
54809,4.0
83840,4.0
65814,3.0
58614,3.0
83643,4.0
75248,4.0
50887,4.0
80748,-1.0
88789,4.0
74813,4.0
88000,4.0
74673,3.0
70529,4.0
55075,4.0
87151,-1.0
49668,3.0
65788,4.0
71693,4.0
70515,4.0
75467,4.0
79190,4.0
88255,4.0
57719,3.0
90323,-1.0
76846,4.0
84124,4.0
47824,4.0
82684,3.0
70923,4.0
49451,3.0
56964,3.0
75562,4.0
70969,4.0
67152,3.0
85067,3.0
69988,3.0
87215,-1.0
87919,4.0
71974,4.0
92199,-1.0
83226,3.0
82893,3.0
80984,3.0
77805,4.0
66997,3.0
71020,4.0
68553,4.0
76882,4.0
78629,4.0
75584,4.0
55116,4.0
66815,4.0
49226,4.0
73284,3.0
90697,-1.0
92395,-1.0
52292,3.0
44935,4.0
71225,4.0
81015,3.0
88273,4.0
70235,4.0
70407,4.0
70822,4.0
68858,4.0
73093,3.0
87254,4.0
64981,3.0
77335,4.0
72374,4.0
49632,3.0
75509,4.0
65639,4.0
81625,-1.0
66210,3.0
72864,4.0
87061,4.0
71014,4.0
84110,4.0
69635,4.0
50815,4.0
76359,3.0
86523,3.0
50129,4.0
77403,4.0
57199,3.0
46819,4.0
76464,4.0
44963,4.0
88751,3.0
78066,3.0
74333,3.0
56869,4.0
70729,4.0
77785,4.0
76273,4.0
76741,3.0
47831,3.0
69783,4.0
67587,4.0
80315,4.0
54858,4.0
48396,3.0
87029,4.0
67521,4.0
54214,4.0
53136,3.0
86165,-1.0
193932,-1.0
86378,4.0
69841,3.0
68243,4.0
66234,4.0
86676,4.0
79815,3.0
52122,3.0
71770,3.0
49624,4.0
72255,4.0
55312,4.0
72723,4.0
54431,4.0
70029,4.0
74991,3.0
80896,4.0
57414,3.0
86574,3.0
74563,4.0
84246,3.0
73298,4.0
54872,4.0
84352,-1.0
82419,4.0
86734,4.0
47350,4.0
67209,4.0
46478,4.0
78069,3.0
67734,3.0
74730,4.0
68456,4.0
68063,3.0
66617,4.0
87157,3.0
67042,3.0
76536,3.0
53857,4.0
71344,4.0
73693,4.0
65231,4.0
59629,4.0
67245,3.0
68789,3.0
88383,4.0
72871,4.0
82406,4.0
89968,3.0
75081,4.0
75199,4.0
92361,3.0
68870,4.0
49398,3.0
84265,4.0
67120,4.0
67341,4.0
75838,4.0
82651,4.0
86121,4.0
77777,4.0
76030,4.0
48999,4.0
81538,4.0
69615,4.0
49756,4.0
76666,3.0
101641,-1.0
81037,3.0
68461,4.0
54176,4.0
47583,4.0
71656,4.0
76066,4.0
49392,4.0
77707,4.0
70191,4.0
59678,3.0
54058,4.0
71361,4.0
84901,3.0
77150,4.0
80905,4.0
86101,4.0
92480,3.0
58807,4.0
72373,4.0
73269,3.0
52881,4.0
66977,4.0
68438,4.0
75268,4.0
81103,3.0
73447,3.0
72435,4.0
69695,4.0
87395,-1.0
72035,4.0
72939,4.0
70182,4.0
84313,3.0
71537,4.0
76991,4.0
66411,4.0
88059,-1.0
70636,3.0
72216,4.0
83689,3.0
66149,3.0
72402,4.0
71842,4.0
88206,4.0
52942,4.0
107010,-1.0
48824,3.0
86683,4.0
81389,4.0
71204,3.0
88697,4.0
92356,3.0
70876,4.0
86362,4.0
69779,4.0
74757,4.0
80410,4.0
71201,3.0
75615,4.0
74276,3.0
44805,4.0
77765,4.0
45469,4.0
66759,3.0
49631,4.0
86095,4.0
82886,4.0
78067,3.0
86170,4.0
70991,4.0
49265,3.0
87313,3.0
86720,3.0
72209,4.0
84278,4.0
74889,3.0
52261,3.0
65776,3.0
74299,4.0
74671,4.0
66544,4.0
65595,3.0
83804,4.0
82018,3.0
82870,3.0
74415,4.0
65403,3.0
57557,4.0
79858,3.0
54707,4.0
67288,4.0
45365,4.0
76618,3.0
71069,4.0
79342,3.0
87024,4.0
70375,4.0
77250,4.0
81298,4.0
86247,3.0
49851,4.0
47811,3.0
87984,3.0
66813,4.0
74992,4.0
56836,4.0
64920,3.0
54072,3.0
71915,3.0
68229,3.0
65536,3.0
70118,4.0
66838,4.0
88168,4.0
91035,3.0
82736,3.0
55108,4.0
76136,4.0
67105,3.0
84305,3.0
47352,4.0
69324,4.0
71613,4.0
50295,3.0
82105,4.0
55559,3.0
65025,4.0
85779,3.0
65094,4.0
67593,4.0
45575,4.0
67097,4.0
70347,4.0
89308,-1.0
78503,3.0
63542,4.0
47390,4.0
71502,4.0
74905,3.0
52897,4.0
82989,3.0
65821,4.0
77798,4.0
68197,4.0
83683,4.0
70806,4.0
58324,3.0
47343,4.0
70524,4.0
51083,3.0
74551,3.0
76082,3.0
68520,4.0
76137,4.0
49694,4.0
55579,4.0
80950,3.0
77132,4.0
88544,3.0
52646,4.0
45610,4.0
79695,3.0
57152,3.0
70792,4.0
83142,4.0
70921,4.0
70135,3.0
50079,4.0
55939,4.0
67116,4.0
83717,4.0
72544,4.0
106723,3.0
66914,4.0
52873,4.0
75757,4.0
74372,4.0
86154,4.0
82576,3.0
52649,4.0
73451,4.0
78779,3.0
68204,4.0
65962,3.0
75254,4.0
88891,3.0
46635,4.0
70030,4.0
55353,4.0
70499,3.0
88284,4.0
77157,4.0
72621,4.0
65080,4.0
80912,4.0
46917,4.0
48361,4.0
86674,4.0
56926,3.0
66829,4.0
67186,3.0
80879,3.0
48707,4.0
75057,4.0
72448,4.0
54344,4.0
74676,4.0
72818,4.0
74109,4.0
90466,3.0
47099,4.0
74618,4.0
86722,-1.0
89824,3.0
75961,4.0
71270,3.0
66199,3.0
75565,3.0
75152,4.0
90571,3.0
49379,4.0
54989,4.0
78519,3.0
58357,3.0
71053,4.0
88008,4.0
49776,4.0
47579,3.0
87164,-1.0
71446,4.0
64916,4.0
65904,4.0
70873,4.0
77070,4.0
73646,4.0
55066,4.0
55293,4.0
76998,4.0
55570,4.0
52342,4.0
79336,4.0
90279,3.0
76440,4.0
75574,4.0
69644,3.0
46936,4.0
78002,4.0
75055,4.0
78585,4.0
81959,4.0
70159,3.0
56993,4.0
66235,4.0
59540,4.0
66777,4.0
83295,-1.0
49912,4.0
90393,-1.0
75011,4.0
53152,3.0
67980,4.0
89867,-1.0
70988,4.0
75768,4.0
90349,-1.0
51442,4.0
67076,4.0
73129,4.0
54848,4.0
55964,4.0
71428,4.0
88721,3.0
85675,4.0
74812,4.0
73227,4.0
84427,3.0
86520,3.0
67307,4.0
70672,4.0
63564,4.0
51414,4.0
92371,3.0
85631,4.0
74332,4.0
90175,3.0
67667,4.0
73246,3.0
51823,4.0
75459,4.0
55335,4.0
54640,4.0
83243,-1.0
77814,4.0
82211,3.0
76838,4.0
45247,4.0
65486,3.0
71871,3.0
88979,3.0
82412,3.0
76358,-1.0
71913,4.0
58822,4.0
70289,4.0
83652,4.0
70870,4.0
102333,-1.0
84981,3.0
88446,-1.0
76201,3.0
69021,3.0
66564,4.0
71780,4.0
46808,4.0
87211,-1.0
72345,4.0
67400,4.0
55121,4.0
75875,3.0
80519,3.0
70468,4.0
70706,4.0
69022,4.0
86483,3.0
74452,4.0
55113,3.0
72863,4.0
55364,4.0
74379,4.0
67107,4.0
70546,3.0
50798,4.0
57366,4.0
48201,4.0
59531,3.0
66983,4.0
67305,3.0
79941,3.0
55496,4.0
74430,3.0
71728,4.0
59694,4.0
79238,4.0
66960,3.0
67884,4.0
68497,3.0
44840,4.0
49736,4.0
48386,3.0
71457,4.0
84294,4.0
70908,4.0
77757,4.0
49915,-1.0
59012,3.0
88004,4.0
55541,3.0
49792,4.0
57316,4.0
66156,4.0
44818,4.0
86723,-1.0
82416,4.0
70565,4.0
71620,4.0
68646,3.0
75425,4.0
48430,4.0
48595,4.0
71251,4.0
71651,4.0
86150,4.0
87996,4.0
67567,4.0
69048,4.0
71354,4.0
54074,4.0
72019,4.0
73469,3.0
56971,4.0
77057,4.0
86858,3.0
82706,3.0
69698,4.0
66548,4.0
73800,4.0
67435,3.0
67946,3.0
51212,4.0
70121,3.0
88370,4.0
82235,4.0
49391,4.0
71412,3.0
78626,4.0
71089,3.0
87542,3.0
66201,4.0
55160,4.0
73145,3.0
57363,4.0
77655,3.0
83972,4.0
68179,4.0
82293,4.0
72782,4.0
55659,3.0
81570,3.0
75705,4.0
77844,4.0
72205,4.0
87071,4.0
81791,4.0
81895,-1.0
88563,3.0
81942,4.0
83943,3.0
49452,4.0
74794,4.0
82356,4.0
86333,3.0
75178,4.0
84072,4.0
67017,3.0
54003,3.0
82143,-1.0
67326,3.0
67360,4.0
92524,-1.0
45765,4.0
80901,4.0
77295,-1.0
84449,3.0
82449,4.0
81449,4.0
58492,4.0
49412,4.0
72648,4.0
87079,4.0
58378,4.0
74463,4.0
75619,4.0
88031,3.0
75645,4.0
55584,4.0
53876,4.0
58417,4.0
53223,3.0
76781,4.0
82424,3.0
67835,3.0
75204,4.0
87237,4.0
83811,4.0
66682,4.0
70083,4.0
84859,-1.0
65991,4.0
74503,3.0
77535,4.0
65052,4.0
65261,4.0
75375,3.0
45825,4.0
76001,4.0
76169,4.0
57062,4.0
71076,4.0
88313,4.0
72934,4.0
67232,4.0
49201,4.0
77224,-1.0
57156,4.0
66736,4.0
82268,3.0
49734,4.0
78574,4.0
52253,4.0
82753,3.0
70642,3.0
66972,4.0
58344,3.0
58832,4.0
71214,3.0
77079,4.0
76623,3.0
71591,3.0
67749,4.0
81932,-1.0
67504,4.0
72370,4.0
66565,4.0
67270,3.0
78373,4.0
77952,4.0
57394,4.0
70241,4.0
49208,4.0
75230,4.0
48419,4.0
65550,3.0
72266,4.0
65328,4.0
78393,4.0
54084,4.0
71545,3.0
63553,4.0
106300,-1.0
77905,4.0
78578,4.0
57075,4.0
49577,3.0
67798,4.0
68070,3.0
49252,3.0
67727,4.0
49503,4.0
75068,4.0
49140,4.0
56705,3.0
88547,-1.0
82744,3.0
49952,4.0
84205,-1.0
65093,3.0
57724,3.0
67982,4.0
52387,4.0
84892,3.0
58604,3.0
72819,4.0
70832,4.0
70618,4.0
87167,4.0
55109,4.0
47346,4.0
85942,-1.0
72331,3.0
70487,4.0
71512,4.0
80928,3.0
77228,3.0
72671,4.0
66161,4.0
72506,3.0
65996,3.0
75534,4.0
92104,-1.0
85510,3.0
82320,4.0
65479,3.0
76436,4.0
66213,3.0
87028,3.0
83143,4.0
72134,4.0
77211,4.0
73072,3.0
69647,4.0
48200,4.0
85267,3.0
48322,4.0
65525,4.0
67261,4.0
50365,4.0
76575,3.0
70200,3.0
51813,3.0
76088,4.0
68397,4.0
67941,3.0
49879,4.0
54105,3.0
44917,4.0
47085,3.0
93206,3.0
89698,-1.0
72604,3.0
77605,4.0
54101,3.0
76508,4.0
74968,4.0
75803,4.0
90705,-1.0
71603,4.0
65180,4.0
68995,4.0
83677,4.0
87293,3.0
78038,4.0
76270,4.0
68325,4.0
66295,4.0
72698,3.0
58853,4.0
49774,4.0
86158,3.0
51809,4.0
71815,3.0
73657,4.0
69006,4.0
70852,4.0
82896,3.0
49604,4.0
58615,4.0
76414,4.0
86498,4.0
69051,4.0
73510,4.0
70972,4.0
66220,4.0
82649,3.0
86854,4.0
55080,4.0
66469,4.0
65948,4.0
49978,3.0
74772,3.0
85411,3.0
54337,4.0
72783,3.0
68215,4.0
65365,3.0
83344,3.0
75655,3.0
66609,4.0
70087,4.0
68882,4.0
73237,4.0
75665,4.0
65233,4.0
45565,4.0
52116,4.0
77755,4.0
50029,4.0
84297,4.0
83254,3.0
69901,4.0
54422,4.0
50074,3.0
54889,4.0
76971,4.0
71348,4.0
47020,4.0
73162,4.0
66285,4.0
88553,3.0
82478,3.0
67177,4.0
88364,4.0
74924,3.0
70989,4.0
71896,4.0
75054,4.0
81010,3.0
58839,4.0
85875,3.0
84826,3.0
74910,4.0
66895,4.0
89180,-1.0
75919,3.0
65473,4.0
48457,4.0
67920,4.0
71621,4.0
77111,4.0
82343,4.0
67699,3.0
51740,4.0
77462,3.0
72697,4.0
87082,4.0
70945,4.0
67418,3.0
66043,3.0
55512,3.0
88267,4.0
67047,4.0
49118,3.0
67445,4.0
65593,3.0
78385,4.0
72183,4.0
71418,4.0
81886,3.0
54229,4.0
85184,-1.0
74660,4.0
45940,4.0
81309,3.0
73437,4.0
49440,4.0
72826,4.0
72175,4.0
56959,4.0
81217,3.0
76145,4.0
87460,3.0
68636,3.0
75598,4.0
66763,3.0
71239,4.0
54988,4.0
69077,3.0
66364,4.0
51168,4.0
72584,4.0
51217,4.0
87939,3.0
82357,3.0
55480,4.0
76448,4.0
78658,4.0
47420,4.0
55062,4.0
91135,-1.0
56976,3.0
76421,3.0
70877,4.0
50146,4.0
53167,3.0
72008,3.0
76754,4.0
82481,3.0
75679,4.0
71187,3.0
63528,4.0
76620,4.0
67515,4.0
76410,4.0
77083,4.0
72979,4.0
64967,4.0
81798,4.0
74926,3.0
67007,4.0
67523,4.0
80746,3.0
74619,4.0
73253,3.0
70209,4.0
88589,3.0
49248,4.0
78339,4.0
74600,4.0
87077,3.0
48594,4.0
51807,3.0
71519,3.0
52146,4.0
57055,4.0
49508,3.0
83149,3.0
72924,4.0
52033,4.0
82033,3.0
69078,3.0
56711,3.0
71336,4.0
91627,3.0
92070,3.0
52911,4.0
66236,4.0
71646,3.0
76897,4.0
90837,-1.0
68505,4.0
74211,3.0
72111,3.0
52338,3.0
52098,4.0
70301,4.0
70071,3.0
44907,4.0
68557,4.0
56866,4.0
65539,4.0
55142,4.0
88794,3.0
82401,4.0
65850,4.0
82265,3.0
75114,4.0
65656,4.0
73433,4.0
72002,4.0
67347,4.0
83555,4.0
49780,4.0
48372,4.0
107114,-1.0
75823,4.0
86950,3.0
44796,4.0
76514,4.0
51413,4.0
84416,4.0
49968,4.0
66303,4.0
58493,4.0
78413,4.0
67769,4.0
68007,3.0
74411,3.0
77914,4.0
70824,4.0
54053,3.0
56082,3.0
80395,4.0
56989,3.0
82302,3.0
67338,4.0
86850,-1.0
57315,3.0
76002,4.0
70304,4.0
57059,4.0
77080,4.0
70198,3.0
51737,4.0
67992,3.0
76783,4.0
51728,4.0
83916,-1.0
51804,4.0
85488,3.0
55482,4.0
71847,3.0
92365,3.0
65836,4.0
74917,3.0
75295,3.0
71184,3.0
59008,3.0
65006,4.0
66542,4.0
56615,4.0
68818,3.0
58481,4.0
47756,4.0
88197,4.0
88052,3.0
75542,3.0
74782,4.0
102410,-1.0
49403,4.0
75620,4.0
88189,4.0
75266,4.0
57775,4.0
70278,4.0
65942,4.0
55955,4.0
49304,3.0
65416,3.0
81297,3.0
66933,4.0
75177,4.0
52105,4.0
50828,4.0
69847,4.0
66989,4.0
54546,4.0
65120,3.0
67460,4.0
75391,3.0
67517,4.0
73413,3.0
70586,3.0
68167,4.0
46947,4.0
82175,4.0
87013,4.0
49820,3.0
76955,4.0
74645,4.0
57441,4.0
84697,3.0
53998,3.0
74617,4.0
49280,4.0
76797,-1.0
70885,4.0
49454,4.0
49526,3.0
58998,4.0
71490,3.0
49861,4.0
69058,4.0
45742,4.0
70749,3.0
74930,3.0
67571,3.0
75335,3.0
55120,3.0
68247,3.0
68259,4.0
80886,3.0
69655,3.0
69965,4.0
51492,4.0
66806,4.0
68281,4.0
67814,3.0
74340,4.0
49203,3.0
66592,4.0
78422,4.0
45987,3.0
45615,4.0
72324,4.0
80878,3.0
87382,3.0
50901,4.0
81807,4.0
49646,4.0
49382,3.0
78898,4.0
72366,4.0
81733,4.0
45837,3.0
92459,-1.0
80146,4.0
77099,4.0
69808,4.0
72724,3.0
67672,3.0
82715,3.0
80843,3.0
76817,4.0
65898,4.0
52386,3.0
71311,4.0
53842,3.0
75759,4.0
66811,4.0
84284,4.0
66238,4.0
70379,4.0
82494,3.0
49777,4.0
77508,4.0
49405,3.0
76892,4.0
84450,3.0
86359,4.0
67852,3.0
78368,4.0
65953,4.0
90478,-1.0
72691,4.0
83816,4.0
69909,3.0
65879,4.0
74393,3.0
57697,4.0
66465,4.0
74540,4.0
54326,3.0
75563,3.0
72558,4.0
70446,4.0
56975,3.0
65774,4.0
83847,4.0
65425,3.0
48428,4.0
93184,3.0
83965,4.0
71804,3.0
68187,4.0
66900,4.0
90663,-1.0
65790,4.0
59724,4.0
58325,3.0
67472,4.0
58364,3.0
88252,4.0
54871,4.0
71403,4.0
48801,4.0
75009,4.0
72141,4.0
69667,3.0
52148,4.0
68114,4.0
84432,3.0
66022,4.0
49690,3.0
67106,3.0
68492,4.0
66391,4.0
81672,-1.0
59685,3.0
68998,3.0
71099,4.0
65812,3.0
71546,4.0
50084,4.0
58626,4.0
84051,4.0
68843,3.0
56945,3.0
49621,3.0
57488,3.0
71843,4.0
68999,3.0
49696,4.0
85492,-1.0
48370,4.0
54046,4.0
75471,4.0
71586,3.0
76063,3.0
66697,4.0
77137,4.0
84470,4.0
74871,3.0
75997,3.0
86642,4.0
91989,-1.0
77608,4.0
72379,3.0
81901,-1.0
91027,-1.0
78568,3.0
65500,4.0
56968,3.0
76166,4.0
51133,4.0
75109,4.0
71543,4.0
70833,4.0
76636,4.0
71952,-1.0
67045,3.0
65472,4.0
52037,4.0
67737,3.0
57550,3.0
80737,3.0
65126,4.0
65450,3.0
88497,3.0
81701,3.0
74831,4.0
71454,4.0
74764,4.0
86725,3.0
45374,4.0
49563,4.0
55999,4.0
79530,4.0
72077,4.0
70390,4.0
75329,3.0
77985,4.0
67705,3.0
54985,4.0
81879,-1.0
58683,4.0
57740,4.0
70022,4.0
63540,3.0
70175,3.0
69915,4.0
58605,4.0
66246,4.0
75127,4.0
92309,3.0
72846,4.0
88710,3.0
81346,3.0
88146,4.0
55569,4.0
83644,4.0
70516,3.0
78359,4.0
49560,3.0
65840,4.0
72866,4.0
75524,3.0
65322,4.0
70170,3.0
75436,3.0
75840,4.0
51275,4.0
67072,3.0
75139,4.0
54642,4.0
71022,4.0
66056,4.0
81535,4.0
66556,4.0
56935,4.0
69601,4.0
66132,4.0
65602,4.0
49900,4.0
58305,3.0
56678,3.0
66784,4.0
72274,3.0
66555,4.0
67379,3.0
57750,4.0
54863,4.0
76628,3.0
82174,4.0
70842,4.0
69886,4.0
77476,4.0
72600,3.0
69940,4.0
74920,4.0
72099,4.0
88521,3.0
50796,4.0
81731,4.0
85554,-1.0
85311,3.0
70489,3.0
77131,4.0
47371,3.0
44830,4.0
57188,3.0
82887,3.0
72545,3.0
70889,3.0
47965,4.0
88686,4.0
73000,3.0
82465,3.0
69075,3.0
93189,3.0
67687,3.0
50026,3.0
77027,4.0
65869,3.0
45971,4.0
75163,4.0
66040,4.0
77984,4.0
78877,4.0
84219,3.0
68920,4.0
76310,3.0
82831,-1.0
84440,3.0
85170,3.0
71775,4.0
77958,3.0
68244,3.0
76158,4.0
44913,4.0
82282,4.0
48391,4.0
71212,4.0
72617,3.0
64999,4.0
71195,4.0
88335,4.0
57334,4.0
58355,3.0
81642,4.0
77742,4.0
86026,-1.0
52258,3.0
72463,4.0
75854,3.0
84254,4.0
71160,4.0
74995,4.0
77437,4.0
77771,4.0
51157,4.0
82330,4.0
70631,3.0
87300,4.0
65913,4.0
72269,4.0
47387,3.0
77746,4.0
65988,4.0
57701,4.0
49250,3.0
70215,4.0
66551,3.0
50132,3.0
84865,3.0
72247,4.0
66237,4.0
54335,4.0
59704,4.0
75635,3.0
65284,4.0
68153,4.0
72425,4.0
68954,4.0
88209,4.0
77039,4.0
73190,4.0
73682,3.0
56861,3.0
65409,4.0
90351,3.0
86144,4.0
90458,-1.0
74535,3.0
75761,4.0
71174,4.0
55351,4.0
90051,-1.0
65110,3.0
77876,3.0
52080,4.0
66882,3.0
86696,3.0
87899,4.0
89243,3.0
86977,3.0
66892,3.0
76455,4.0
84386,3.0
48932,4.0
71357,3.0
71009,4.0
70334,4.0
76291,4.0
70294,4.0
72133,4.0
56921,4.0
74705,4.0
55435,4.0
76262,4.0
82237,3.0
71709,4.0
74896,4.0
71860,4.0
49160,3.0
74861,4.0
70508,4.0
90021,-1.0
69641,3.0
49995,3.0
74570,4.0
84881,3.0
69994,4.0
47983,3.0
68280,4.0
82530,4.0
76265,3.0
51205,4.0
55092,4.0
71719,4.0
74389,3.0
72790,3.0
86421,4.0
63504,4.0
85726,-1.0
65820,4.0
51161,4.0
77854,4.0
48892,4.0
70470,4.0
67748,4.0
50361,4.0
89495,3.0
90336,-1.0
86477,-1.0
73126,3.0
69912,3.0
55622,3.0
85457,3.0
86325,4.0
63515,4.0
85525,3.0
52371,3.0
77513,4.0
88561,3.0
86326,-1.0
65124,4.0
67692,3.0
58339,3.0
66680,4.0
51132,3.0
74375,4.0
70331,4.0
86548,4.0
70922,4.0
104223,-1.0
67113,3.0
64992,4.0
86352,3.0
83135,3.0
45325,4.0
74932,4.0
65848,4.0
47376,3.0
65613,4.0
81822,3.0
45849,4.0
82358,-1.0
77766,3.0
86868,4.0
72741,3.0
49812,4.0
74963,4.0
56727,4.0
65634,4.0
46906,3.0
65027,3.0
68119,3.0
54328,3.0
68859,4.0
53056,4.0
67802,4.0
72938,4.0
48447,4.0
73069,3.0
65339,4.0
84093,4.0
72601,3.0
70541,4.0
65410,4.0
76972,4.0
83950,3.0
69774,3.0
46104,4.0
51347,4.0
77217,4.0
87895,4.0
45727,4.0
87273,-1.0
51144,3.0
90883,-1.0
49892,4.0
67204,4.0
58611,4.0
58310,3.0
67843,4.0
74696,4.0
55317,4.0
70267,4.0
71961,4.0
72017,3.0
78563,4.0
46813,3.0
67111,4.0
77939,4.0
73124,3.0
76935,4.0
74342,4.0
54876,4.0
66879,4.0
64982,4.0
69975,3.0
